user,(0; 0),(0; 230),(0; 273),(0; 290),(0; 289),(0; 275),(0; 239),(0; 232),(1; 0),(1; 805),(1; 809),(1; 807),(1; 808),(1; 694),(1; 696),(1; 707),(0; 235),(1; 708),(1; 709),(1; 706),(1; 806),(0; 231),(2; 0),(2; 552),(3; 0),(3; 294),(3; 296),(4; 0),(4; 441),(4; 447),(5; 0),(5; 338),(5; 344),(6; 0),(6; 316),(6; 325),(7; 0),(7; 403),(7; 407),(8; 0),(8; 424),(8; 438),(8; 425),(9; 0),(9; 288),(9; 289),(9; 307),(9; 218),(9; 226),(9; 246),(10; 0),(10; 557),(10; 558),(11; 0),(11; 536),(11; 562),(12; 0),(12; 401),(12; 410),(13; 0),(13; 443),(13; 457),(14; 0),(14; 18),(15; 0),(15; 372),(15; 374),(15; 391),(16; 0),(16; 531),(16; 536),(16; 537),(17; 5),(17; 2),(18; 0),(18; 608),(18; 612),(18; 635),(18; 611),(19; 0),(19; 89),(20; 0),(20; 422),(20; 428),(21; 0),(21; 462),(21; 465),(22; 0),(22; 809),(22; 819),(22; 770),(22; 783),(23; 0),(23; 306),(23; 313),(2; 574),(3; 319),(5; 371),(5; 457),(5; 459),(6; 318),(7; 373),(7; 378),(7; 404),(9; 315),(10; 573),(10; 609),(10; 567),(11; 566),(11; 568),(11; 583),(11; 612),(12; 422),(13; 451),(13; 450),(13; 453),(13; 454),(14; 13),(16; 556),(17; 89),(17; 15),(17; 14),(18; 650),(18; 648),(18; 649),(20; 424),(21; 464),(22; 815),(22; 802),(23; 311),(22; 773),(3; 297),(11; 540),(14; 691),(14; 731),(14; 698),(14; 720),(14; 714),(2; 613),(2; 633),(2; 577),(2; 575),(2; 623),(3; 332),(3; 339),(3; 334),(3; 295),(4; 471),(4; 497),(4; 496),(5; 534),(6; 283),(6; 310),(6; 312),(8; 465),(8; 479),(8; 478),(8; 475),(10; 619),(10; 621),(12; 434),(12; 437),(12; 451),(13; 483),(13; 484),(15; 417),(15; 424),(15; 452),(16; 478),(16; 518),(16; 481),(16; 482),(17; 609),(17; 627),(18; 652),(18; 689),(18; 681),(18; 661),(19; 776),(19; 790),(19; 781),(20; 458),(20; 473),(20; 481),(20; 467),(20; 463),(22; 830),(23; 344),(23; 346),(5; 510),(6; 327),(8; 480),(11; 549),(12; 448),(16; 520),(16; 532),(17; 631),(17; 610),(19; 784),(19; 66),(21; 497),(21; 501),(22; 784),(3; 351),(14; 732),(8; 442),(10; 653),(14; 2),(14; 5),(14; 696),(14; 723),(14; 693),(14; 728),(14; 700),(4; 444),(4; 480),(4; 491),(5; 528),(10; 654),(12; 441),(15; 432),(16; 479),(17; 4),(17; 629),(21; 483),(21; 500),(11; 613),(11; 539),(20; 423),(21; 522),(21; 521),(23; 310),(2; 621),(11; 596),(13; 448),(15; 413),(20; 430),(21; 484),(10; 656),(13; 514),(13; 502),(14; 692),(15; 418),(15; 423),(15; 435),(20; 462),(21; 498),(21; 513),(22; 814),(23; 345),occ_(0; 0),occ_(0; 230),occ_(0; 273),occ_(0; 290),occ_(0; 289),occ_(0; 275),occ_(0; 239),occ_(0; 232),occ_(1; 0),occ_(1; 805),occ_(1; 809),occ_(1; 807),occ_(1; 808),occ_(1; 694),occ_(1; 696),occ_(1; 707),occ_(0; 235),occ_(1; 708),occ_(1; 709),occ_(1; 706),occ_(1; 806),occ_(0; 231),occ_(2; 0),occ_(2; 552),occ_(3; 0),occ_(3; 294),occ_(3; 296),occ_(4; 0),occ_(4; 441),occ_(4; 447),occ_(5; 0),occ_(5; 338),occ_(5; 344),occ_(6; 0),occ_(6; 316),occ_(6; 325),occ_(7; 0),occ_(7; 403),occ_(7; 407),occ_(8; 0),occ_(8; 424),occ_(8; 438),occ_(8; 425),occ_(9; 0),occ_(9; 288),occ_(9; 289),occ_(9; 307),occ_(9; 218),occ_(9; 226),occ_(9; 246),occ_(10; 0),occ_(10; 557),occ_(10; 558),occ_(11; 0),occ_(11; 536),occ_(11; 562),occ_(12; 0),occ_(12; 401),occ_(12; 410),occ_(13; 0),occ_(13; 443),occ_(13; 457),occ_(14; 0),occ_(14; 18),occ_(15; 0),occ_(15; 372),occ_(15; 374),occ_(15; 391),occ_(16; 0),occ_(16; 531),occ_(16; 536),occ_(16; 537),occ_(17; 5),occ_(17; 2),occ_(18; 0),occ_(18; 608),occ_(18; 612),occ_(18; 635),occ_(18; 611),occ_(19; 0),occ_(19; 89),occ_(20; 0),occ_(20; 422),occ_(20; 428),occ_(21; 0),occ_(21; 462),occ_(21; 465),occ_(22; 0),occ_(22; 809),occ_(22; 819),occ_(22; 770),occ_(22; 783),occ_(23; 0),occ_(23; 306),occ_(23; 313),occ_(2; 574),occ_(3; 319),occ_(5; 371),occ_(5; 457),occ_(5; 459),occ_(6; 318),occ_(7; 373),occ_(7; 378),occ_(7; 404),occ_(9; 315),occ_(10; 573),occ_(10; 609),occ_(10; 567),occ_(11; 566),occ_(11; 568),occ_(11; 583),occ_(11; 612),occ_(12; 422),occ_(13; 451),occ_(13; 450),occ_(13; 453),occ_(13; 454),occ_(14; 13),occ_(16; 556),occ_(17; 89),occ_(17; 15),occ_(17; 14),occ_(18; 650),occ_(18; 648),occ_(18; 649),occ_(20; 424),occ_(21; 464),occ_(22; 815),occ_(22; 802),occ_(23; 311),occ_(22; 773),occ_(3; 297),occ_(11; 540),occ_(14; 691),occ_(14; 731),occ_(14; 698),occ_(14; 720),occ_(14; 714),occ_(2; 613),occ_(2; 633),occ_(2; 577),occ_(2; 575),occ_(2; 623),occ_(3; 332),occ_(3; 339),occ_(3; 334),occ_(3; 295),occ_(4; 471),occ_(4; 497),occ_(4; 496),occ_(5; 534),occ_(6; 283),occ_(6; 310),occ_(6; 312),occ_(8; 465),occ_(8; 479),occ_(8; 478),occ_(8; 475),occ_(10; 619),occ_(10; 621),occ_(12; 434),occ_(12; 437),occ_(12; 451),occ_(13; 483),occ_(13; 484),occ_(15; 417),occ_(15; 424),occ_(15; 452),occ_(16; 478),occ_(16; 518),occ_(16; 481),occ_(16; 482),occ_(17; 609),occ_(17; 627),occ_(18; 652),occ_(18; 689),occ_(18; 681),occ_(18; 661),occ_(19; 776),occ_(19; 790),occ_(19; 781),occ_(20; 458),occ_(20; 473),occ_(20; 481),occ_(20; 467),occ_(20; 463),occ_(22; 830),occ_(23; 344),occ_(23; 346),occ_(5; 510),occ_(6; 327),occ_(8; 480),occ_(11; 549),occ_(12; 448),occ_(16; 520),occ_(16; 532),occ_(17; 631),occ_(17; 610),occ_(19; 784),occ_(19; 66),occ_(21; 497),occ_(21; 501),occ_(22; 784),occ_(3; 351),occ_(14; 732),occ_(8; 442),occ_(10; 653),occ_(14; 2),occ_(14; 5),occ_(14; 696),occ_(14; 723),occ_(14; 693),occ_(14; 728),occ_(14; 700),occ_(4; 444),occ_(4; 480),occ_(4; 491),occ_(5; 528),occ_(10; 654),occ_(12; 441),occ_(15; 432),occ_(16; 479),occ_(17; 4),occ_(17; 629),occ_(21; 483),occ_(21; 500),occ_(11; 613),occ_(11; 539),occ_(20; 423),occ_(21; 522),occ_(21; 521),occ_(23; 310),occ_(2; 621),occ_(11; 596),occ_(13; 448),occ_(15; 413),occ_(20; 430),occ_(21; 484),occ_(10; 656),occ_(13; 514),occ_(13; 502),occ_(14; 692),occ_(15; 418),occ_(15; 423),occ_(15; 435),occ_(20; 462),occ_(21; 498),occ_(21; 513),occ_(22; 814),occ_(23; 345),avg_(0; 0),avg_(0; 230),avg_(0; 273),avg_(0; 290),avg_(0; 289),avg_(0; 275),avg_(0; 239),avg_(0; 232),avg_(1; 0),avg_(1; 805),avg_(1; 809),avg_(1; 807),avg_(1; 808),avg_(1; 694),avg_(1; 696),avg_(1; 707),avg_(0; 235),avg_(1; 708),avg_(1; 709),avg_(1; 706),avg_(1; 806),avg_(0; 231),avg_(2; 0),avg_(2; 552),avg_(3; 0),avg_(3; 294),avg_(3; 296),avg_(4; 0),avg_(4; 441),avg_(4; 447),avg_(5; 0),avg_(5; 338),avg_(5; 344),avg_(6; 0),avg_(6; 316),avg_(6; 325),avg_(7; 0),avg_(7; 403),avg_(7; 407),avg_(8; 0),avg_(8; 424),avg_(8; 438),avg_(8; 425),avg_(9; 0),avg_(9; 288),avg_(9; 289),avg_(9; 307),avg_(9; 218),avg_(9; 226),avg_(9; 246),avg_(10; 0),avg_(10; 557),avg_(10; 558),avg_(11; 0),avg_(11; 536),avg_(11; 562),avg_(12; 0),avg_(12; 401),avg_(12; 410),avg_(13; 0),avg_(13; 443),avg_(13; 457),avg_(14; 0),avg_(14; 18),avg_(15; 0),avg_(15; 372),avg_(15; 374),avg_(15; 391),avg_(16; 0),avg_(16; 531),avg_(16; 536),avg_(16; 537),avg_(17; 5),avg_(17; 2),avg_(18; 0),avg_(18; 608),avg_(18; 612),avg_(18; 635),avg_(18; 611),avg_(19; 0),avg_(19; 89),avg_(20; 0),avg_(20; 422),avg_(20; 428),avg_(21; 0),avg_(21; 462),avg_(21; 465),avg_(22; 0),avg_(22; 809),avg_(22; 819),avg_(22; 770),avg_(22; 783),avg_(23; 0),avg_(23; 306),avg_(23; 313),avg_(2; 574),avg_(3; 319),avg_(5; 371),avg_(5; 457),avg_(5; 459),avg_(6; 318),avg_(7; 373),avg_(7; 378),avg_(7; 404),avg_(9; 315),avg_(10; 573),avg_(10; 609),avg_(10; 567),avg_(11; 566),avg_(11; 568),avg_(11; 583),avg_(11; 612),avg_(12; 422),avg_(13; 451),avg_(13; 450),avg_(13; 453),avg_(13; 454),avg_(14; 13),avg_(16; 556),avg_(17; 89),avg_(17; 15),avg_(17; 14),avg_(18; 650),avg_(18; 648),avg_(18; 649),avg_(20; 424),avg_(21; 464),avg_(22; 815),avg_(22; 802),avg_(23; 311),avg_(22; 773),avg_(3; 297),avg_(11; 540),avg_(14; 691),avg_(14; 731),avg_(14; 698),avg_(14; 720),avg_(14; 714),avg_(2; 613),avg_(2; 633),avg_(2; 577),avg_(2; 575),avg_(2; 623),avg_(3; 332),avg_(3; 339),avg_(3; 334),avg_(3; 295),avg_(4; 471),avg_(4; 497),avg_(4; 496),avg_(5; 534),avg_(6; 283),avg_(6; 310),avg_(6; 312),avg_(8; 465),avg_(8; 479),avg_(8; 478),avg_(8; 475),avg_(10; 619),avg_(10; 621),avg_(12; 434),avg_(12; 437),avg_(12; 451),avg_(13; 483),avg_(13; 484),avg_(15; 417),avg_(15; 424),avg_(15; 452),avg_(16; 478),avg_(16; 518),avg_(16; 481),avg_(16; 482),avg_(17; 609),avg_(17; 627),avg_(18; 652),avg_(18; 689),avg_(18; 681),avg_(18; 661),avg_(19; 776),avg_(19; 790),avg_(19; 781),avg_(20; 458),avg_(20; 473),avg_(20; 481),avg_(20; 467),avg_(20; 463),avg_(22; 830),avg_(23; 344),avg_(23; 346),avg_(5; 510),avg_(6; 327),avg_(8; 480),avg_(11; 549),avg_(12; 448),avg_(16; 520),avg_(16; 532),avg_(17; 631),avg_(17; 610),avg_(19; 784),avg_(19; 66),avg_(21; 497),avg_(21; 501),avg_(22; 784),avg_(3; 351),avg_(14; 732),avg_(8; 442),avg_(10; 653),avg_(14; 2),avg_(14; 5),avg_(14; 696),avg_(14; 723),avg_(14; 693),avg_(14; 728),avg_(14; 700),avg_(4; 444),avg_(4; 480),avg_(4; 491),avg_(5; 528),avg_(10; 654),avg_(12; 441),avg_(15; 432),avg_(16; 479),avg_(17; 4),avg_(17; 629),avg_(21; 483),avg_(21; 500),avg_(11; 613),avg_(11; 539),avg_(20; 423),avg_(21; 522),avg_(21; 521),avg_(23; 310),avg_(2; 621),avg_(11; 596),avg_(13; 448),avg_(15; 413),avg_(20; 430),avg_(21; 484),avg_(10; 656),avg_(13; 514),avg_(13; 502),avg_(14; 692),avg_(15; 418),avg_(15; 423),avg_(15; 435),avg_(20; 462),avg_(21; 498),avg_(21; 513),avg_(22; 814),avg_(23; 345),(0; 0; 0),(0; 230; 0),(0; 239; 0),(0; 0; 230),(0; 230; 230),(0; 239; 230),(0; 0; 239),(0; 230; 239),(0; 239; 239),(0; 0; 273),(0; 0; 290),(0; 273; 0),(0; 290; 0),(0; 273; 273),(0; 290; 273),(0; 273; 290),(0; 290; 290),(0; 0; 275),(0; 273; 275),(0; 290; 275),(0; 275; 0),(0; 275; 273),(0; 275; 275),(0; 273; 230),(0; 275; 230),(7; 0; 0),(10; 0; 0),(11; 0; 0),(13; 0; 0),(22; 0; 0),(23; 0; 0),(23; 306; 0),(23; 313; 0),(23; 0; 306),(23; 306; 306),(23; 313; 306),(23; 0; 313),(23; 306; 313),(23; 313; 313),score,wrong
4,7.4,2.5,3.188888889,2.8,0.077777778,0.311111111,1.366666667,0.277777778,39.07777778,12.27777778,9.288888889,0.722222222,1.333333333,4.522222222,2.622222222,0.466666667,0,0,0,0,0,0,0,0,0,0,0,0,0,0,0,0,0,0,0,0,0,0,0,0,0,0,0,0,0,0,0,0,0,0,0,0,0,0,0,0,0,0,0,0,0,0,0,0,0,0,0,0,0,0,0,0,0,0,0,0,0,0,0,0,0,0,0,0,0,0,0,0,0,0,0,0,0,0,0,0,0,0,0,0,0,0,0,0,0,0,0,0,0,0,0,0,0,0,0,0,0,0,0,0,0,0,0,0,0,0,0,0,0,0,0,0,0,0,0,0,0,0,0,0,0,0,0,0,0,0,0,0,0,0,0,0,0,0,0,0,0,0,0,0,0,0,0,0,0,0,0,0,0,0,0,0,0,0,0,0,0,0,0,0,0,0,0,0,0,0,0,0,0,0,0,0,0,0,0,0,0,0,0,0,0,0,0,0,0,0,0,0,0,0,0,0,0,0,0,0,0,0,0,0,0,0,0,0,0,0,0,0,0,0,0,0,0,0,0,0,0,0,0,0,0,0,0,0,0,0,0,0,0,0,16,3,8,3,1,4,1,1,550,132,108,1,2,61,45,3,0,0,0,0,0,0,0,0,0,0,0,0,0,0,0,0,0,0,0,0,0,0,0,0,0,0,0,0,0,0,0,0,0,0,0,0,0,0,0,0,0,0,0,0,0,0,0,0,0,0,0,0,0,0,0,0,0,0,0,0,0,0,0,0,0,0,0,0,0,0,0,0,0,0,0,0,0,0,0,0,0,0,0,0,0,0,0,0,0,0,0,0,0,0,0,0,0,0,0,0,0,0,0,0,0,0,0,0,0,0,0,0,0,0,0,0,0,0,0,0,0,0,0,0,0,0,0,0,0,0,0,0,0,0,0,0,0,0,0,0,0,0,0,0,0,0,0,0,0,0,0,0,0,0,0,0,0,0,0,0,0,0,0,0,0,0,0,0,0,0,0,0,0,0,0,0,0,0,0,0,0,0,0,0,0,0,0,0,0,0,0,0,0,0,0,0,0,0,0,0,0,0,0,0,0,0,0,0,0,0,0,0,0,0,0,0,0,0,0,0,0,0,0,0,0,0,0,0,0,0,0,0,0,0,0.4625,0.833333333,0.398611111,0.933333333,0.077777778,0.077777778,1.366666667,0.277777778,0.071050505,0.093013468,0.08600823,0.722222222,0.666666667,0.074134791,0.058271605,0.155555556,0,0,0,0,0,0,0,0,0,0,0,0,0,0,0,0,0,0,0,0,0,0,0,0,0,0,0,0,0,0,0,0,0,0,0,0,0,0,0,0,0,0,0,0,0,0,0,0,0,0,0,0,0,0,0,0,0,0,0,0,0,0,0,0,0,0,0,0,0,0,0,0,0,0,0,0,0,0,0,0,0,0,0,0,0,0,0,0,0,0,0,0,0,0,0,0,0,0,0,0,0,0,0,0,0,0,0,0,0,0,0,0,0,0,0,0,0,0,0,0,0,0,0,0,0,0,0,0,0,0,0,0,0,0,0,0,0,0,0,0,0,0,0,0,0,0,0,0,0,0,0,0,0,0,0,0,0,0,0,0,0,0,0,0,0,0,0,0,0,0,0,0,0,0,0,0,0,0,0,0,0,0,0,0,0,0,0,0,0,0,0,0,0,0,0,0,0,0,0,0,0,0,0,0,0,0,0,0,0,0,0,0,0,0,0,0,0,0,0,0,0,0,0,0,0,0,0,0,0,0,0,0,0,0,14,2,1,2,0,0,0,0,0,8,3,8,3,7,3,2,2,4,4,0,4,3,3,0,0,0,0,0,0,0,0,0,0,0,0,0,0,0,0,TRUE,TRUE
7,24.87777778,18.52222222,0.255555556,0,0,0.255555556,18,0.522222222,123.4777778,12.84444444,12.44444444,0,0.266666667,0.822222222,0.822222222,0,0,0,0,0,0,0,0,0,0,0,0,0,0,0,0,0,0,0,0,0,0,0,0,0,0,0,0,0,0,0,0,0,0,0,0,0,0,0,0,0,0,0,0,0,0,0,0,0,0,0,0,0,0,0,0,0,0,0,0,0,0,0,0,0,0,0,0,0,0,0,0,0,0,0,0,0,0,0,0,0,0,0,0,0,0,0,0,0,0,0,0,0,0,0,0,0,0,0,0,0,0,0,0,0,0,0,0,0,0,0,0,0,0,0,0,0,0,0,0,0,0,0,0,0,0,0,0,0,0,0,0,0,0,0,0,0,0,0,0,0,0,0,0,0,0,0,0,0,0,0,0,0,0,0,0,0,0,0,0,0,0,0,0,0,0,0,0,0,0,0,0,0,0,0,0,0,0,0,0,0,0,0,0,0,0,0,0,0,0,0,0,0,0,0,0,0,0,0,0,0,0,0,0,0,0,0,0,0,0,0,0,0,0,0,0,0,0,0,0,0,0,0,0,0,0,0,0,0,0,0,0,0,0,0,25,10,1,0,0,1,9,1,2457,234,225,0,6,2,2,0,0,0,0,0,0,0,0,0,0,0,0,0,0,0,0,0,0,0,0,0,0,0,0,0,0,0,0,0,0,0,0,0,0,0,0,0,0,0,0,0,0,0,0,0,0,0,0,0,0,0,0,0,0,0,0,0,0,0,0,0,0,0,0,0,0,0,0,0,0,0,0,0,0,0,0,0,0,0,0,0,0,0,0,0,0,0,0,0,0,0,0,0,0,0,0,0,0,0,0,0,0,0,0,0,0,0,0,0,0,0,0,0,0,0,0,0,0,0,0,0,0,0,0,0,0,0,0,0,0,0,0,0,0,0,0,0,0,0,0,0,0,0,0,0,0,0,0,0,0,0,0,0,0,0,0,0,0,0,0,0,0,0,0,0,0,0,0,0,0,0,0,0,0,0,0,0,0,0,0,0,0,0,0,0,0,0,0,0,0,0,0,0,0,0,0,0,0,0,0,0,0,0,0,0,0,0,0,0,0,0,0,0,0,0,0,0,0,0,0,0,0,0,0,0,0,0,0,0,0,0,0,0,0,0,0.995111111,1.852222222,0.255555556,0,0,0.255555556,2,0.522222222,0.050255506,0.054890788,0.055308642,0,0.044444444,0.411111111,0.411111111,0,0,0,0,0,0,0,0,0,0,0,0,0,0,0,0,0,0,0,0,0,0,0,0,0,0,0,0,0,0,0,0,0,0,0,0,0,0,0,0,0,0,0,0,0,0,0,0,0,0,0,0,0,0,0,0,0,0,0,0,0,0,0,0,0,0,0,0,0,0,0,0,0,0,0,0,0,0,0,0,0,0,0,0,0,0,0,0,0,0,0,0,0,0,0,0,0,0,0,0,0,0,0,0,0,0,0,0,0,0,0,0,0,0,0,0,0,0,0,0,0,0,0,0,0,0,0,0,0,0,0,0,0,0,0,0,0,0,0,0,0,0,0,0,0,0,0,0,0,0,0,0,0,0,0,0,0,0,0,0,0,0,0,0,0,0,0,0,0,0,0,0,0,0,0,0,0,0,0,0,0,0,0,0,0,0,0,0,0,0,0,0,0,0,0,0,0,0,0,0,0,0,0,0,0,0,0,0,0,0,0,0,0,0,0,0,0,0,0,0,0,0,0,0,0,0,0,0,0,0,0,0,0,0,0,23,10,9,9,8,8,8,8,8,1,0,1,0,0,0,0,0,1,0,0,1,0,0,1,1,0,0,0,0,0,0,0,0,0,0,0,0,0,0,FALSE,FALSE
9,67.34444444,3.844444444,0,0,0,0,1.711111111,0,995.6,213.2111111,108.2666667,28.81111111,54.78888889,214.8777778,134.5222222,0,2.133333333,3.155555556,49.32222222,12.66666667,0.366666667,0,0,0,0,0,0,0,0,0,0,0,0,0,0,0,0,0,0,0,0,0,0,0,0,0,0,0,0,0,0,0,0,0,0,0,0,0,0,0,0,0,0,0,0,0,0,0,0,0,0,0,0,0,0,0,0,0,0,0,0,0,0,0,0,0,0,0,0,0,0,0,0,0,0,0,0,0,0,0,0,0,0,0,0,0,0,0,0,0,0,0,0,0,0,0,0,0,0,0,0,0,0,0,0,0,0,0,0,0,0,0,0,0,0,0,0,0,0,0,0,0,0,0,0,0,0,0,0,0,0,0,0,0,0,0,0,0,0,0,0,0,0,0,0,0,0,0,0,0,0,0,0,0,0,0,0,0,0,0,0,0,0,0,0,0,0,0,0,0,0,0,0,0,0,0,0,0,0,0,0,0,0,0,0,0,0,0,0,0,0,0,0,0,0,0,0,0,0,0,0,0,0,0,0,0,0,0,0,0,0,0,0,0,0,0,0,0,0,0,0,0,0,0,0,0,0,0,0,0,38,12,0,0,0,0,11,0,2094,240,139,36,35,105,80,0,1,2,12,5,11,0,0,0,0,0,0,0,0,0,0,0,0,0,0,0,0,0,0,0,0,0,0,0,0,0,0,0,0,0,0,0,0,0,0,0,0,0,0,0,0,0,0,0,0,0,0,0,0,0,0,0,0,0,0,0,0,0,0,0,0,0,0,0,0,0,0,0,0,0,0,0,0,0,0,0,0,0,0,0,0,0,0,0,0,0,0,0,0,0,0,0,0,0,0,0,0,0,0,0,0,0,0,0,0,0,0,0,0,0,0,0,0,0,0,0,0,0,0,0,0,0,0,0,0,0,0,0,0,0,0,0,0,0,0,0,0,0,0,0,0,0,0,0,0,0,0,0,0,0,0,0,0,0,0,0,0,0,0,0,0,0,0,0,0,0,0,0,0,0,0,0,0,0,0,0,0,0,0,0,0,0,0,0,0,0,0,0,0,0,0,0,0,0,0,0,0,0,0,0,0,0,0,0,0,0,0,0,0,0,0,0,0,0,0,0,0,0,0,0,0,0,0,0,0,0,0,0,0,0,1.772222222,0.32037037,0,0,0,0,0.155555556,0,0.475453677,0.88837963,0.778896882,0.800308642,1.565396825,2.046455026,1.681527778,0,2.133333333,1.577777778,4.110185185,2.533333333,0.033333333,0,0,0,0,0,0,0,0,0,0,0,0,0,0,0,0,0,0,0,0,0,0,0,0,0,0,0,0,0,0,0,0,0,0,0,0,0,0,0,0,0,0,0,0,0,0,0,0,0,0,0,0,0,0,0,0,0,0,0,0,0,0,0,0,0,0,0,0,0,0,0,0,0,0,0,0,0,0,0,0,0,0,0,0,0,0,0,0,0,0,0,0,0,0,0,0,0,0,0,0,0,0,0,0,0,0,0,0,0,0,0,0,0,0,0,0,0,0,0,0,0,0,0,0,0,0,0,0,0,0,0,0,0,0,0,0,0,0,0,0,0,0,0,0,0,0,0,0,0,0,0,0,0,0,0,0,0,0,0,0,0,0,0,0,0,0,0,0,0,0,0,0,0,0,0,0,0,0,0,0,0,0,0,0,0,0,0,0,0,0,0,0,0,0,0,0,0,0,0,0,0,0,0,0,0,0,0,0,0,0,0,0,0,0,0,0,0,0,0,0,0,0,0,0,0,0,0,0,0,35,10,10,10,10,10,10,10,10,0,0,0,0,0,0,0,0,0,0,0,0,0,0,0,0,0,0,0,0,0,0,0,0,0,0,0,0,0,0,FALSE,FALSE
10,0.244444444,0.177777778,0,0,0,0,0.144444444,0,192.5666667,6.733333333,1.166666667,0,4.766666667,0.466666667,0.466666667,0,0,0,0,0,0.233333333,0.033333333,0,0,0,0,0,0,0,0,0,0,0,0,0,0,0,0,0,0,0,0,0,0,0,0,0,0,0,0,0,0,0,0,0,0,0,0,0,0,0,0,0,0,0,0,0,0,0,0,0,0,0,0,0,0,0,0,0,0,0,0,0,0,0,0,0,0,0,0,0,0,0,0,0,0,0,0,0,0,0,0,0,0,0,0,0,0,0,0,0,0,0,0,0,0,0,0,0,0,0,0,0,0,0,0,0,0,0,0,0,0,0,0,0,0,0,0,0,0,0,0,0,0,0,0,0,0,0,0,0,0,0,0,0,0,0,0,0,0,0,0,0,0,0,0,0,0,0,0,0,0,0,0,0,0,0,0,0,0,0,0,0,0,0,0,0,0,0,0,0,0,0,0,0,0,0,0,0,0,0,0,0,0,0,0,0,0,0,0,0,0,0,0,0,0,0,0,0,0,0,0,0,0,0,0,0,0,0,0,0,0,0,0,0,0,0,0,0,0,0,0,0,0,0,0,0,0,0,0,4,2,0,0,0,0,1,0,5777,202,35,0,143,14,14,0,0,0,0,0,7,1,0,0,0,0,0,0,0,0,0,0,0,0,0,0,0,0,0,0,0,0,0,0,0,0,0,0,0,0,0,0,0,0,0,0,0,0,0,0,0,0,0,0,0,0,0,0,0,0,0,0,0,0,0,0,0,0,0,0,0,0,0,0,0,0,0,0,0,0,0,0,0,0,0,0,0,0,0,0,0,0,0,0,0,0,0,0,0,0,0,0,0,0,0,0,0,0,0,0,0,0,0,0,0,0,0,0,0,0,0,0,0,0,0,0,0,0,0,0,0,0,0,0,0,0,0,0,0,0,0,0,0,0,0,0,0,0,0,0,0,0,0,0,0,0,0,0,0,0,0,0,0,0,0,0,0,0,0,0,0,0,0,0,0,0,0,0,0,0,0,0,0,0,0,0,0,0,0,0,0,0,0,0,0,0,0,0,0,0,0,0,0,0,0,0,0,0,0,0,0,0,0,0,0,0,0,0,0,0,0,0,0,0,0,0,0,0,0,0,0,0,0,0,0,0,0,0,0,0,0.061111111,0.088888889,0,0,0,0,0.144444444,0,0.033333333,0.033333333,0.033333333,0,0.033333333,0.033333333,0.033333333,0,0,0,0,0,0.033333333,0.033333333,0,0,0,0,0,0,0,0,0,0,0,0,0,0,0,0,0,0,0,0,0,0,0,0,0,0,0,0,0,0,0,0,0,0,0,0,0,0,0,0,0,0,0,0,0,0,0,0,0,0,0,0,0,0,0,0,0,0,0,0,0,0,0,0,0,0,0,0,0,0,0,0,0,0,0,0,0,0,0,0,0,0,0,0,0,0,0,0,0,0,0,0,0,0,0,0,0,0,0,0,0,0,0,0,0,0,0,0,0,0,0,0,0,0,0,0,0,0,0,0,0,0,0,0,0,0,0,0,0,0,0,0,0,0,0,0,0,0,0,0,0,0,0,0,0,0,0,0,0,0,0,0,0,0,0,0,0,0,0,0,0,0,0,0,0,0,0,0,0,0,0,0,0,0,0,0,0,0,0,0,0,0,0,0,0,0,0,0,0,0,0,0,0,0,0,0,0,0,0,0,0,0,0,0,0,0,0,0,0,0,0,0,0,0,0,0,0,0,0,0,0,0,0,0,0,0,0,0,2,1,1,0,0,0,0,0,0,0,0,0,0,0,0,0,0,0,0,0,0,0,0,0,0,0,0,0,0,0,0,0,0,0,0,0,0,0,0,FALSE,TRUE
11,9.977777778,0,4,0,0,0,0,0,353.5333333,37.6,31.52222222,2.666666667,1.688888889,78.2,59.84444444,2.033333333,0,0,1.333333333,6.244444444,1.144444444,0,0,0,0,0,0,0,0,0,0,0,0,0,0,0,0,0,0,0,0,0,0,0,0,0,0,0,0,0,0,0,0,0,0,0,0,0,0,0,0,0,0,0,0,0,0,0,0,0,0,0,0,0,0,0,0,0,0,0,0,0,0,0,0,0,0,0,0,0,0,0,0,0,0,0,0,0,0,0,0,0,0,0,0,0,0,0,0,0,0,0,0,0,0,0,0,0,0,0,0,0,0,0,0,0,0,0,0,0,0,0,0,0,0,0,0,0,0,0,0,0,0,0,0,0,0,0,0,0,0,0,0,0,0,0,0,0,0,0,0,0,0,0,0,0,0,0,0,0,0,0,0,0,0,0,0,0,0,0,0,0,0,0,0,0,0,0,0,0,0,0,0,0,0,0,0,0,0,0,0,0,0,0,0,0,0,0,0,0,0,0,0,0,0,0,0,0,0,0,0,0,0,0,0,0,0,0,0,0,0,0,0,0,0,0,0,0,0,0,0,0,0,0,0,0,0,0,0,0,10,0,5,0,0,0,0,0,383,46,32,5,6,91,68,2,0,0,4,6,4,0,0,0,0,0,0,0,0,0,0,0,0,0,0,0,0,0,0,0,0,0,0,0,0,0,0,0,0,0,0,0,0,0,0,0,0,0,0,0,0,0,0,0,0,0,0,0,0,0,0,0,0,0,0,0,0,0,0,0,0,0,0,0,0,0,0,0,0,0,0,0,0,0,0,0,0,0,0,0,0,0,0,0,0,0,0,0,0,0,0,0,0,0,0,0,0,0,0,0,0,0,0,0,0,0,0,0,0,0,0,0,0,0,0,0,0,0,0,0,0,0,0,0,0,0,0,0,0,0,0,0,0,0,0,0,0,0,0,0,0,0,0,0,0,0,0,0,0,0,0,0,0,0,0,0,0,0,0,0,0,0,0,0,0,0,0,0,0,0,0,0,0,0,0,0,0,0,0,0,0,0,0,0,0,0,0,0,0,0,0,0,0,0,0,0,0,0,0,0,0,0,0,0,0,0,0,0,0,0,0,0,0,0,0,0,0,0,0,0,0,0,0,0,0,0,0,0,0,0,0.997777778,0,0.8,0,0,0,0,0,0.923063534,0.817391304,0.985069444,0.533333333,0.281481481,0.859340659,0.880065359,1.016666667,0,0,0.333333333,1.040740741,0.286111111,0,0,0,0,0,0,0,0,0,0,0,0,0,0,0,0,0,0,0,0,0,0,0,0,0,0,0,0,0,0,0,0,0,0,0,0,0,0,0,0,0,0,0,0,0,0,0,0,0,0,0,0,0,0,0,0,0,0,0,0,0,0,0,0,0,0,0,0,0,0,0,0,0,0,0,0,0,0,0,0,0,0,0,0,0,0,0,0,0,0,0,0,0,0,0,0,0,0,0,0,0,0,0,0,0,0,0,0,0,0,0,0,0,0,0,0,0,0,0,0,0,0,0,0,0,0,0,0,0,0,0,0,0,0,0,0,0,0,0,0,0,0,0,0,0,0,0,0,0,0,0,0,0,0,0,0,0,0,0,0,0,0,0,0,0,0,0,0,0,0,0,0,0,0,0,0,0,0,0,0,0,0,0,0,0,0,0,0,0,0,0,0,0,0,0,0,0,0,0,0,0,0,0,0,0,0,0,0,0,0,0,0,0,0,0,0,0,0,0,0,0,0,0,0,0,0,0,0,0,8,0,0,0,0,0,0,0,0,5,0,4,0,4,0,0,0,0,0,0,0,0,0,0,0,0,0,0,0,0,0,0,0,0,0,0,0,0,0,TRUE,TRUE
13,3.611111111,0.877777778,0.611111111,0,0.566666667,0.044444444,0.611111111,0,0.355555556,0,0,0,0,0.088888889,0.044444444,0.044444444,0.266666667,0,0,0,0,0,0.177777778,0.133333333,1.066666667,0.177777778,0.177777778,0.177777778,0.133333333,0.133333333,0.133333333,0.133333333,0.133333333,0.133333333,0.133333333,0.133333333,0.222222222,0.133333333,0.133333333,0.177777778,0.177777778,0.133333333,0.044444444,0.222222222,0.133333333,0.133333333,0.133333333,0.044444444,0.044444444,0.044444444,0.222222222,0.044444444,0.044444444,0.355555556,0.177777778,0.133333333,0.222222222,0.177777778,0.177777778,0.444444444,0.444444444,0.444444444,0.133333333,0.088888889,0.177777778,0.133333333,0.133333333,0.133333333,0.133333333,0.133333333,0.088888889,0.044444444,0.177777778,0.044444444,0.177777778,0.133333333,0.044444444,0.044444444,0.088888889,0.133333333,0.133333333,0.044444444,0.044444444,0.044444444,0.622222222,0.266666667,0.266666667,0.622222222,0.088888889,0.088888889,0.088888889,0.088888889,0.133333333,0.088888889,0.088888889,0,0,0,0,0,0,0,0,0,0,0,0,0,0,0,0,0,0,0,0,0,0,0,0,0,0,0,0,0,0,0,0,0,0,0,0,0,0,0,0,0,0,0,0,0,0,0,0,0,0,0,0,0,0,0,0,0,0,0,0,0,0,0,0,0,0,0,0,0,0,0,0,0,0,0,0,0,0,0,0,0,0,0,0,0,0,0,0,0,0,0,0,0,0,0,0,0,0,0,0,0,0,0,0,0,0,0,0,0,0,0,0,0,0,0,0,0,0,0,0,0,0,0,0,0,0,0,0,0,0,0,0,0,0,0,0,0,0,0,0,0,0,0,0,0,0,0,0,0,0,0,0,0,0,0,20,8,2,0,1,1,7,0,8,0,0,0,0,2,1,1,1,0,0,0,0,0,4,3,24,4,4,4,3,3,3,3,3,3,3,3,5,3,3,4,4,3,1,5,3,3,3,1,1,1,5,1,1,8,4,3,5,4,4,10,10,10,3,2,4,3,3,3,3,3,2,1,4,1,4,3,1,1,2,3,3,1,1,1,14,6,6,14,2,2,2,2,3,2,2,0,0,0,0,0,0,0,0,0,0,0,0,0,0,0,0,0,0,0,0,0,0,0,0,0,0,0,0,0,0,0,0,0,0,0,0,0,0,0,0,0,0,0,0,0,0,0,0,0,0,0,0,0,0,0,0,0,0,0,0,0,0,0,0,0,0,0,0,0,0,0,0,0,0,0,0,0,0,0,0,0,0,0,0,0,0,0,0,0,0,0,0,0,0,0,0,0,0,0,0,0,0,0,0,0,0,0,0,0,0,0,0,0,0,0,0,0,0,0,0,0,0,0,0,0,0,0,0,0,0,0,0,0,0,0,0,0,0,0,0,0,0,0,0,0,0,0,0,0,0,0,0,0,0,0,0.180555556,0.109722222,0.305555556,0,0.566666667,0.044444444,0.087301587,0,0.044444444,0,0,0,0,0.044444444,0.044444444,0.044444444,0.266666667,0,0,0,0,0,0.044444444,0.044444444,0.044444444,0.044444444,0.044444444,0.044444444,0.044444444,0.044444444,0.044444444,0.044444444,0.044444444,0.044444444,0.044444444,0.044444444,0.044444444,0.044444444,0.044444444,0.044444444,0.044444444,0.044444444,0.044444444,0.044444444,0.044444444,0.044444444,0.044444444,0.044444444,0.044444444,0.044444444,0.044444444,0.044444444,0.044444444,0.044444444,0.044444444,0.044444444,0.044444444,0.044444444,0.044444444,0.044444444,0.044444444,0.044444444,0.044444444,0.044444444,0.044444444,0.044444444,0.044444444,0.044444444,0.044444444,0.044444444,0.044444444,0.044444444,0.044444444,0.044444444,0.044444444,0.044444444,0.044444444,0.044444444,0.044444444,0.044444444,0.044444444,0.044444444,0.044444444,0.044444444,0.044444444,0.044444444,0.044444444,0.044444444,0.044444444,0.044444444,0.044444444,0.044444444,0.044444444,0.044444444,0.044444444,0,0,0,0,0,0,0,0,0,0,0,0,0,0,0,0,0,0,0,0,0,0,0,0,0,0,0,0,0,0,0,0,0,0,0,0,0,0,0,0,0,0,0,0,0,0,0,0,0,0,0,0,0,0,0,0,0,0,0,0,0,0,0,0,0,0,0,0,0,0,0,0,0,0,0,0,0,0,0,0,0,0,0,0,0,0,0,0,0,0,0,0,0,0,0,0,0,0,0,0,0,0,0,0,0,0,0,0,0,0,0,0,0,0,0,0,0,0,0,0,0,0,0,0,0,0,0,0,0,0,0,0,0,0,0,0,0,0,0,0,0,0,0,0,0,0,0,0,0,0,0,0,0,0,0,17,7,6,8,6,6,7,5,5,2,0,2,0,0,0,0,0,1,0,0,1,0,0,1,0,3,4,5,8,12,2,2,2,1,1,1,1,1,1,TRUE,FALSE
14,5.844444444,2.044444444,3.022222222,0.055555556,2.633333333,0.444444444,0.655555556,0,2.833333333,0,0,0,0,0.111111111,0.111111111,0,1.388888889,0,0,0,0,0,1.055555556,0.222222222,5.5,5.388888889,0,1.166666667,0.111111111,0.111111111,7.277777778,4.944444444,0,0.722222222,0.111111111,0,2.833333333,0.166666667,0.111111111,3.444444444,0.055555556,0,0.055555556,2.277777778,0.055555556,0,0,0.333333333,0.333333333,0,0.888888889,0.888888889,0,4.444444444,4.111111111,0,2,1.055555556,0.055555556,3.388888889,3.111111111,2.388888889,0.055555556,3.277777778,0.944444444,0.277777778,0.222222222,0,4.055555556,1.722222222,0,0,0.055555556,0,4.388888889,4.277777778,0.444444444,0,0,0,0,1.055555556,1,0.944444444,3.5,0.055555556,0,3.111111111,0.055555556,0,0.388888889,0,4.166666667,1.722222222,1.666666667,0.222222222,5.388888889,4.888888889,0.055555556,0.055555556,0.111111111,1.333333333,1.333333333,0.055555556,0.055555556,0.833333333,0.777777778,0.111111111,1.888888889,2.222222222,0.055555556,0.055555556,0.944444444,0.222222222,0.444444444,0.055555556,0.055555556,0.055555556,1.722222222,5.555555556,0.055555556,0.166666667,2.277777778,0.055555556,0.055555556,0.055555556,0.055555556,0.055555556,0.388888889,0.055555556,0,0,0,0,0,0,0,0,0,0,0,0,0,0,0,0,0,0,0,0,0,0,0,0,0,0,0,0,0,0,0,0,0,0,0,0,0,0,0,0,0,0,0,0,0,0,0,0,0,0,0,0,0,0,0,0,0,0,0,0,0,0,0,0,0,0,0,0,0,0,0,0,0,0,0,0,0,0,0,0,0,0,0,0,0,0,0,0,0,0,0,0,0,0,0,0,0,0,0,0,0,0,0,0,0,0,0,0,0,0,0,0,0,0,0,0,0,0,0,0,67,11,48,1,47,2,2,0,51,0,0,0,0,2,2,0,9,0,0,0,0,0,19,4,99,97,0,21,2,2,131,89,0,13,2,0,51,3,2,62,1,0,1,41,1,0,0,6,6,0,16,16,0,80,74,0,36,19,1,61,56,43,1,59,17,5,4,0,73,31,0,0,1,0,79,77,8,0,0,0,0,19,18,17,63,1,0,56,1,0,7,0,75,31,30,4,97,88,1,1,2,24,24,1,1,15,14,2,34,40,1,1,17,4,8,1,1,1,31,100,1,3,41,1,1,1,1,1,7,1,0,0,0,0,0,0,0,0,0,0,0,0,0,0,0,0,0,0,0,0,0,0,0,0,0,0,0,0,0,0,0,0,0,0,0,0,0,0,0,0,0,0,0,0,0,0,0,0,0,0,0,0,0,0,0,0,0,0,0,0,0,0,0,0,0,0,0,0,0,0,0,0,0,0,0,0,0,0,0,0,0,0,0,0,0,0,0,0,0,0,0,0,0,0,0,0,0,0,0,0,0,0,0,0,0,0,0,0,0,0,0,0,0,0,0,0,0,0,0,0,0.087230514,0.185858586,0.062962963,0.055555556,0.056028369,0.222222222,0.327777778,0,0.055555556,0,0,0,0,0.055555556,0.055555556,0,0.154320988,0,0,0,0,0,0.055555556,0.055555556,0.055555556,0.055555556,0,0.055555556,0.055555556,0.055555556,0.055555556,0.055555556,0,0.055555556,0.055555556,0,0.055555556,0.055555556,0.055555556,0.055555556,0.055555556,0,0.055555556,0.055555556,0.055555556,0,0,0.055555556,0.055555556,0,0.055555556,0.055555556,0,0.055555556,0.055555556,0,0.055555556,0.055555556,0.055555556,0.055555556,0.055555556,0.055555556,0.055555556,0.055555556,0.055555556,0.055555556,0.055555556,0,0.055555556,0.055555556,0,0,0.055555556,0,0.055555556,0.055555556,0.055555556,0,0,0,0,0.055555556,0.055555556,0.055555556,0.055555556,0.055555556,0,0.055555556,0.055555556,0,0.055555556,0,0.055555556,0.055555556,0.055555556,0.055555556,0.055555556,0.055555556,0.055555556,0.055555556,0.055555556,0.055555556,0.055555556,0.055555556,0.055555556,0.055555556,0.055555556,0.055555556,0.055555556,0.055555556,0.055555556,0.055555556,0.055555556,0.055555556,0.055555556,0.055555556,0.055555556,0.055555556,0.055555556,0.055555556,0.055555556,0.055555556,0.055555556,0.055555556,0.055555556,0.055555556,0.055555556,0.055555556,0.055555556,0.055555556,0,0,0,0,0,0,0,0,0,0,0,0,0,0,0,0,0,0,0,0,0,0,0,0,0,0,0,0,0,0,0,0,0,0,0,0,0,0,0,0,0,0,0,0,0,0,0,0,0,0,0,0,0,0,0,0,0,0,0,0,0,0,0,0,0,0,0,0,0,0,0,0,0,0,0,0,0,0,0,0,0,0,0,0,0,0,0,0,0,0,0,0,0,0,0,0,0,0,0,0,0,0,0,0,0,0,0,0,0,0,0,0,0,0,0,0,0,0,0,0,66,11,2,10,8,0,1,0,0,48,1,48,1,46,0,1,0,2,1,0,2,0,0,1,1,46,14,77,59,54,73,31,30,31,29,28,30,29,28,FALSE,TRUE
15,28.65555556,19.5,1.922222222,0,1.655555556,0.266666667,0.755555556,0,10.71111111,10.71111111,10.71111111,0,1.622222222,0,0,0,9.6,0,0,0,0,0,0.977777778,0,0,0,0,0,0,0,0.355555556,0,0,0.266666667,0,0,0,0,0,0.266666667,0,0,0,0.266666667,0,0,0,0,0,0,0.088888889,0.088888889,0,0.266666667,0,0,0.088888889,0.088888889,0,0.355555556,0,0,0,0,0.266666667,0,0,0,0.355555556,0,0,0,0,0,0.266666667,0,0,0,0,0,0.177777778,0.977777778,0,0,0.177777778,0,0,0.355555556,0,0,0.266666667,0,0.177777778,0,0,0,0,0,0,0,0,0,0,0,0,0.088888889,0,0,0,0,0,0,0,0,0,0,0,0,0,0,0,0,0,0,0,0,0,0,0,0,0.266666667,0,0,0,0,0,0,0,0,0,0,0,0,0,0,0,0,0,0,0,0,0,0,0,0,0,0,0,0,0,0,0,0,0,0,0,0,0,0,0,0,0,0,0,0,0,0,0,0,0,0,0,0,0,0,0,0,0,0,0,0,0,0,0,0,0,0,0,0,0,0,0,0,0,0,0,0,0,0,0,0,0,0,0,0,0,0,0,0,0,0,0,0,0,0,0,0,0,0,0,0,0,0,0,0,0,0,0,0,0,0,0,0,0,0,0,0,0,0,0,47,23,7,0,5,2,2,0,14,14,14,0,2,0,0,0,9,0,0,0,0,0,11,0,0,0,0,0,0,0,4,0,0,3,0,0,0,0,0,3,0,0,0,3,0,0,0,0,0,0,1,1,0,3,0,0,1,1,0,4,0,0,0,0,3,0,0,0,4,0,0,0,0,0,3,0,0,0,0,0,2,11,0,0,2,0,0,4,0,0,3,0,2,0,0,0,0,0,0,0,0,0,0,0,0,1,0,0,0,0,0,0,0,0,0,0,0,0,0,0,0,0,0,0,0,0,0,0,0,0,3,0,0,0,0,0,0,0,0,0,0,0,0,0,0,0,0,0,0,0,0,0,0,0,0,0,0,0,0,0,0,0,0,0,0,0,0,0,0,0,0,0,0,0,0,0,0,0,0,0,0,0,0,0,0,0,0,0,0,0,0,0,0,0,0,0,0,0,0,0,0,0,0,0,0,0,0,0,0,0,0,0,0,0,0,0,0,0,0,0,0,0,0,0,0,0,0,0,0,0,0,0,0,0,0,0,0,0,0,0,0,0,0,0,0,0,0,0,0,0,0.609692671,0.847826087,0.274603175,0,0.331111111,0.133333333,0.377777778,0,0.765079365,0.765079365,0.765079365,0,0.811111111,0,0,0,1.066666667,0,0,0,0,0,0.088888889,0,0,0,0,0,0,0,0.088888889,0,0,0.088888889,0,0,0,0,0,0.088888889,0,0,0,0.088888889,0,0,0,0,0,0,0.088888889,0.088888889,0,0.088888889,0,0,0.088888889,0.088888889,0,0.088888889,0,0,0,0,0.088888889,0,0,0,0.088888889,0,0,0,0,0,0.088888889,0,0,0,0,0,0.088888889,0.088888889,0,0,0.088888889,0,0,0.088888889,0,0,0.088888889,0,0.088888889,0,0,0,0,0,0,0,0,0,0,0,0,0.088888889,0,0,0,0,0,0,0,0,0,0,0,0,0,0,0,0,0,0,0,0,0,0,0,0,0.088888889,0,0,0,0,0,0,0,0,0,0,0,0,0,0,0,0,0,0,0,0,0,0,0,0,0,0,0,0,0,0,0,0,0,0,0,0,0,0,0,0,0,0,0,0,0,0,0,0,0,0,0,0,0,0,0,0,0,0,0,0,0,0,0,0,0,0,0,0,0,0,0,0,0,0,0,0,0,0,0,0,0,0,0,0,0,0,0,0,0,0,0,0,0,0,0,0,0,0,0,0,0,0,0,0,0,0,0,0,0,0,0,0,0,0,0,0,0,0,0,45,23,2,23,18,1,2,0,0,7,0,7,0,5,0,0,0,2,1,0,2,1,1,2,1,0,0,2,3,3,1,0,0,0,0,0,0,0,0,TRUE,TRUE
17,0.666666667,0,0,0,0,0,0,0,1.2,0,0,0,0,0,0,0,0,0,0,0,0,0,2,0,2.533333333,0.066666667,0,1.133333333,0,0,2.533333333,0,0,0.333333333,0,0,1.933333333,0,0,0.4,0.066666667,0,0.066666667,0.266666667,0,0,0,0,0,0,0.466666667,0.066666667,0.066666667,0.4,0.333333333,0,1.266666667,0,0,3.133333333,0.266666667,0.266666667,13.4,16.53333333,0,0,0,0,0,0,0,0,0,0,0,0,0,0,0,0,0,0,0,0,0,0,0,0,0,0,0,0,0,0,0,0,0,0,0,0,0,0,0,0,0,0,0,0,0,0,0,0,0,0,0,0,0,0,0,0,0,0,0,0,0,0,0,0,0,0,0,0.066666667,0.333333333,1.266666667,0.2,0.2,0.6,0.066666667,0,0,0,0,0,0,0,0,0,0,0,0,0,0,0,0,0,0,0,0,0,0,0,0,0,0,0,0,0,0,0,0,0,0,0,0,0,0,0,0,0,0,0,0,0,0,0,0,0,0,0,0,0,0,0,0,0,0,0,0,0,0,0,0,0,0,0,0,0,0,0,0,0,0,0,0,0,0,0,0,0,0,0,0,0,0,0,0,0,0,0,0,0,0,0,0,0,0,0,0,0,0,0,0,0,0,0,0,0,0,0,0,10,0,0,0,0,0,0,0,18,0,0,0,0,0,0,0,0,0,0,0,0,0,30,0,38,1,0,17,0,0,38,0,0,5,0,0,29,0,0,6,1,0,1,4,0,0,0,0,0,0,7,1,1,6,5,0,19,0,0,47,4,4,201,248,0,0,0,0,0,0,0,0,0,0,0,0,0,0,0,0,0,0,0,0,0,0,0,0,0,0,0,0,0,0,0,0,0,0,0,0,0,0,0,0,0,0,0,0,0,0,0,0,0,0,0,0,0,0,0,0,0,0,0,0,0,0,0,0,0,0,0,1,5,19,3,3,9,1,0,0,0,0,0,0,0,0,0,0,0,0,0,0,0,0,0,0,0,0,0,0,0,0,0,0,0,0,0,0,0,0,0,0,0,0,0,0,0,0,0,0,0,0,0,0,0,0,0,0,0,0,0,0,0,0,0,0,0,0,0,0,0,0,0,0,0,0,0,0,0,0,0,0,0,0,0,0,0,0,0,0,0,0,0,0,0,0,0,0,0,0,0,0,0,0,0,0,0,0,0,0,0,0,0,0,0,0,0,0,0,0,0.066666667,0,0,0,0,0,0,0,0.066666667,0,0,0,0,0,0,0,0,0,0,0,0,0,0.066666667,0,0.066666667,0.066666667,0,0.066666667,0,0,0.066666667,0,0,0.066666667,0,0,0.066666667,0,0,0.066666667,0.066666667,0,0.066666667,0.066666667,0,0,0,0,0,0,0.066666667,0.066666667,0.066666667,0.066666667,0.066666667,0,0.066666667,0,0,0.066666667,0.066666667,0.066666667,0.066666667,0.066666667,0,0,0,0,0,0,0,0,0,0,0,0,0,0,0,0,0,0,0,0,0,0,0,0,0,0,0,0,0,0,0,0,0,0,0,0,0,0,0,0,0,0,0,0,0,0,0,0,0,0,0,0,0,0,0,0,0,0,0,0,0,0,0,0,0,0,0,0.066666667,0.066666667,0.066666667,0.066666667,0.066666667,0.066666667,0.066666667,0,0,0,0,0,0,0,0,0,0,0,0,0,0,0,0,0,0,0,0,0,0,0,0,0,0,0,0,0,0,0,0,0,0,0,0,0,0,0,0,0,0,0,0,0,0,0,0,0,0,0,0,0,0,0,0,0,0,0,0,0,0,0,0,0,0,0,0,0,0,0,0,0,0,0,0,0,0,0,0,0,0,0,0,0,0,0,0,0,0,0,0,0,0,0,0,0,0,0,0,0,0,0,0,0,0,0,0,0,0,0,0,8,0,0,0,0,0,0,0,0,0,0,0,0,0,0,0,0,0,0,0,0,0,0,0,0,28,6,4,46,0,0,0,0,0,0,0,0,0,0,TRUE,FALSE
18,7.888888889,0.8,3.877777778,0,2.133333333,1.544444444,0,0,13.34444444,3.788888889,3.3,0,0,0.255555556,0.255555556,0,0.8,0,0,0,0.488888889,0,6.511111111,0.266666667,7.477777778,2.055555556,0,1.622222222,0,0,2.4,0,0,2.933333333,0.266666667,0.266666667,1.955555556,0.088888889,0.088888889,2.666666667,0,0,0,1.511111111,0.177777778,0,0,0,0,0,3.2,0.266666667,0,1.066666667,0,0,3.2,0.266666667,0.266666667,2.666666667,0,0,0.088888889,0.977777778,3.911111111,0.177777778,0.177777778,0,2.933333333,0,0,0,0,0.088888889,1.333333333,0.088888889,0.088888889,0,0,0,2.222222222,1.955555556,0.177777778,0,3.644444444,0,0,1.066666667,0.711111111,0.266666667,0.088888889,0,2.933333333,0,0,0,1.155555556,0,2.044444444,1.511111111,0,0,0,0,0.088888889,0.266666667,0,0,0,0,0,0,0,0,0,0,0,0,0,2.222222222,0,0,0,0,0,0,0,0.088888889,0,0,0.088888889,0,0,0.444444444,0.355555556,0,0,0,2.444444444,1.888888889,0.177777778,0.177777778,0.555555556,2.722222222,2.155555556,0.377777778,0.9,0.833333333,0.388888889,0.444444444,0.088888889,1.6,1.066666667,0.444444444,1.066666667,0.444444444,0.355555556,0.088888889,0.8,0.8,1.511111111,0.8,0.711111111,0.088888889,0.088888889,1.866666667,1.333333333,0.533333333,1.955555556,0.888888889,0.177777778,0.888888889,0.444444444,0.444444444,1.244444444,0.622222222,0.088888889,0.533333333,0.711111111,0.622222222,0.088888889,0.888888889,0.711111111,0.711111111,0.088888889,0.088888889,0.355555556,0.977777778,0.888888889,0,0,0,0,0,0,0,0,0,0,0,0,0,0,0,0,0,0,0,0,0,0,0,0,0,0,0,0,0,0,0,0,0,0,0,0,0,0,0,0,0,0,0,0,0,0,0,0,0,0,0,0,0,0,0,0,0,0,0,0,0,13,2,5,0,2,2,0,0,34,10,9,0,0,2,2,0,2,0,0,0,1,0,18,3,21,7,0,19,0,0,27,0,0,33,3,3,22,1,1,30,0,0,0,17,2,0,0,0,0,0,36,3,0,12,0,0,36,3,3,30,0,0,1,11,44,2,2,0,33,0,0,0,0,1,15,1,1,0,0,0,25,22,2,0,41,0,0,12,8,3,1,0,33,0,0,0,4,0,23,17,0,0,0,0,1,3,0,0,0,0,0,0,0,0,0,0,0,0,0,25,0,0,0,0,0,0,0,1,0,0,1,0,0,5,4,0,0,0,5,4,2,2,1,9,6,2,3,9,4,5,1,18,12,5,12,5,4,1,9,9,17,9,8,1,1,21,15,6,22,10,2,10,5,5,14,7,1,6,8,7,1,10,8,8,1,1,4,11,10,0,0,0,0,0,0,0,0,0,0,0,0,0,0,0,0,0,0,0,0,0,0,0,0,0,0,0,0,0,0,0,0,0,0,0,0,0,0,0,0,0,0,0,0,0,0,0,0,0,0,0,0,0,0,0,0,0,0,0,0,0,0.606837607,0.4,0.775555556,0,1.066666667,0.772222222,0,0,0.39248366,0.378888889,0.366666667,0,0,0.127777778,0.127777778,0,0.4,0,0,0,0.488888889,0,0.361728395,0.088888889,0.356084656,0.293650794,0,0.085380117,0,0,0.088888889,0,0,0.088888889,0.088888889,0.088888889,0.088888889,0.088888889,0.088888889,0.088888889,0,0,0,0.088888889,0.088888889,0,0,0,0,0,0.088888889,0.088888889,0,0.088888889,0,0,0.088888889,0.088888889,0.088888889,0.088888889,0,0,0.088888889,0.088888889,0.088888889,0.088888889,0.088888889,0,0.088888889,0,0,0,0,0.088888889,0.088888889,0.088888889,0.088888889,0,0,0,0.088888889,0.088888889,0.088888889,0,0.088888889,0,0,0.088888889,0.088888889,0.088888889,0.088888889,0,0.088888889,0,0,0,0.288888889,0,0.088888889,0.088888889,0,0,0,0,0.088888889,0.088888889,0,0,0,0,0,0,0,0,0,0,0,0,0,0.088888889,0,0,0,0,0,0,0,0.088888889,0,0,0.088888889,0,0,0.088888889,0.088888889,0,0,0,0.488888889,0.472222222,0.088888889,0.088888889,0.555555556,0.302469136,0.359259259,0.188888889,0.3,0.092592593,0.097222222,0.088888889,0.088888889,0.088888889,0.088888889,0.088888889,0.088888889,0.088888889,0.088888889,0.088888889,0.088888889,0.088888889,0.088888889,0.088888889,0.088888889,0.088888889,0.088888889,0.088888889,0.088888889,0.088888889,0.088888889,0.088888889,0.088888889,0.088888889,0.088888889,0.088888889,0.088888889,0.088888889,0.088888889,0.088888889,0.088888889,0.088888889,0.088888889,0.088888889,0.088888889,0.088888889,0.088888889,0.088888889,0.088888889,0.088888889,0.088888889,0,0,0,0,0,0,0,0,0,0,0,0,0,0,0,0,0,0,0,0,0,0,0,0,0,0,0,0,0,0,0,0,0,0,0,0,0,0,0,0,0,0,0,0,0,0,0,0,0,0,0,0,0,0,0,0,0,0,0,0,0,12,2,0,2,1,0,0,0,0,4,0,5,0,2,0,0,0,1,0,0,2,1,0,0,0,20,35,10,29,11,32,0,0,0,0,0,0,0,0,TRUE,TRUE
20,0.655555556,0.6,0.055555556,0,0,0.055555556,0,0,2.666666667,1.722222222,0.222222222,0,1.444444444,0.111111111,0,0,0.6,0,0,0,0,0,0.555555556,0,2.777777778,0,0,1.277777778,0.055555556,0.055555556,1.666666667,0,0,2.944444444,0.111111111,0,0.888888889,0.111111111,0.111111111,1.777777778,0.055555556,0,0,2.222222222,1.777777778,0.277777778,0.055555556,0.111111111,0.111111111,0,2.555555556,0.111111111,0,0.611111111,0.111111111,0.111111111,2.333333333,0.444444444,0.444444444,0.833333333,0.111111111,0.111111111,0.055555556,2.166666667,1.555555556,0.055555556,0.055555556,0,1.666666667,0.111111111,0,0,0.055555556,0,2.555555556,0.111111111,0,0,0.111111111,0.055555556,1.166666667,1.611111111,0,0,1.944444444,0.111111111,0.111111111,0.111111111,0,0,0.055555556,0,2.555555556,0.166666667,0.166666667,0,0,0,1.611111111,0.111111111,0,0.111111111,0.111111111,0,1.5,0,0,0.111111111,0,0,0,0,0,0,0,0,0,0,0,0.944444444,0,0,0,0,0,0,0,0,0,0,0,0,0,2,0,0.055555556,1.277777778,0,0.444444444,0.444444444,0,0,0,0.722222222,0.722222222,0,0,0.5,0.5,0,1.388888889,2.833333333,0.777777778,2.333333333,1.055555556,1,0,0.055555556,0.333333333,0.333333333,1.888888889,0.555555556,1.277777778,0.388888889,0.388888889,1.333333333,0,1,1.555555556,0.5,0,0.611111111,0.166666667,0.111111111,2.388888889,1.944444444,0.055555556,0.388888889,1,0,0.666666667,1.444444444,0.611111111,0,0.055555556,0.777777778,0,0.333333333,0.333333333,0.055555556,0.111111111,1,0.111111111,0.055555556,0.944444444,0.111111111,0.055555556,0.111111111,0.333333333,0.055555556,0.5,0.5,0.055555556,0,0,0,0,0,0,0,0,0,0,0,0,0,0,0,0,0,0,0,0,0,0,0,0,0,0,0,0,0,0,0,0,0,0,0,0,0,0,0,0,0,0,0,0,0,0,0,5,4,1,0,0,1,0,0,48,31,4,0,26,2,0,0,4,0,0,0,0,0,10,0,50,0,0,23,1,1,30,0,0,53,2,0,16,2,2,32,1,0,0,40,32,5,1,2,2,0,46,2,0,11,2,2,42,8,8,15,2,2,1,39,28,1,1,0,30,2,0,0,1,0,46,2,0,0,2,1,21,29,0,0,35,2,2,2,0,0,1,0,46,3,3,0,0,0,29,2,0,2,2,0,27,0,0,2,0,0,0,0,0,0,0,0,0,0,0,17,0,0,0,0,0,0,0,0,0,0,0,0,0,36,0,1,23,0,8,8,0,0,0,13,13,0,0,9,9,0,25,51,14,42,19,18,0,1,6,6,34,10,23,7,7,24,0,18,28,9,0,11,3,2,43,35,1,7,18,0,12,26,11,0,1,14,0,6,6,1,2,18,2,1,17,2,1,2,6,1,9,9,1,0,0,0,0,0,0,0,0,0,0,0,0,0,0,0,0,0,0,0,0,0,0,0,0,0,0,0,0,0,0,0,0,0,0,0,0,0,0,0,0,0,0,0,0,0,0,0,0.131111111,0.15,0.055555556,0,0,0.055555556,0,0,0.055555556,0.055555556,0.055555556,0,0.055555556,0.055555556,0,0,0.15,0,0,0,0,0,0.055555556,0,0.055555556,0,0,0.055555556,0.055555556,0.055555556,0.055555556,0,0,0.055555556,0.055555556,0,0.055555556,0.055555556,0.055555556,0.055555556,0.055555556,0,0,0.055555556,0.055555556,0.055555556,0.055555556,0.055555556,0.055555556,0,0.055555556,0.055555556,0,0.055555556,0.055555556,0.055555556,0.055555556,0.055555556,0.055555556,0.055555556,0.055555556,0.055555556,0.055555556,0.055555556,0.055555556,0.055555556,0.055555556,0,0.055555556,0.055555556,0,0,0.055555556,0,0.055555556,0.055555556,0,0,0.055555556,0.055555556,0.055555556,0.055555556,0,0,0.055555556,0.055555556,0.055555556,0.055555556,0,0,0.055555556,0,0.055555556,0.055555556,0.055555556,0,0,0,0.055555556,0.055555556,0,0.055555556,0.055555556,0,0.055555556,0,0,0.055555556,0,0,0,0,0,0,0,0,0,0,0,0.055555556,0,0,0,0,0,0,0,0,0,0,0,0,0,0.055555556,0,0.055555556,0.055555556,0,0.055555556,0.055555556,0,0,0,0.055555556,0.055555556,0,0,0.055555556,0.055555556,0,0.055555556,0.055555556,0.055555556,0.055555556,0.055555556,0.055555556,0,0.055555556,0.055555556,0.055555556,0.055555556,0.055555556,0.055555556,0.055555556,0.055555556,0.055555556,0,0.055555556,0.055555556,0.055555556,0,0.055555556,0.055555556,0.055555556,0.055555556,0.055555556,0.055555556,0.055555556,0.055555556,0,0.055555556,0.055555556,0.055555556,0,0.055555556,0.055555556,0,0.055555556,0.055555556,0.055555556,0.055555556,0.055555556,0.055555556,0.055555556,0.055555556,0.055555556,0.055555556,0.055555556,0.055555556,0.055555556,0.055555556,0.055555556,0.055555556,0,0,0,0,0,0,0,0,0,0,0,0,0,0,0,0,0,0,0,0,0,0,0,0,0,0,0,0,0,0,0,0,0,0,0,0,0,0,0,0,0,0,0,0,0,0,0,3,3,0,2,2,0,0,0,0,1,0,0,0,0,0,0,0,1,0,0,0,0,0,0,0,14,44,8,13,0,44,1,1,3,1,1,3,1,1,TRUE,FALSE
21,7.577777778,2.422222222,2.711111111,0,2.4,0.311111111,2.422222222,0,10.01111111,3.011111111,1.277777778,0.311111111,0.844444444,0.111111111,0,0,0,0,0,0,0.233333333,0,6.333333333,1.666666667,38.33333333,21.88888889,0.111111111,0,0,0,0,0,0,0,0,0,0,0,0,0,0,0,0,0,0,0,0,0,0,0,0,0,0,0,0,0,0,0,0,0,0,0,0,0,0,0,0,0,0,0,0,0,0,0,0,0,0,0,0,0,0,0,0,0,0,0,0,0,0,0,0,0,0,0,0,0,0,0,0,0,0,0,0,0,0,0,0,0,0,0,0,0,0,0,0,0,0,0,0,0,0,0,0,0,0,0,0,0,0,0,0,14.88888889,0,0,0,0,0,0,0,0,0,1.666666667,0,3.888888889,3.888888889,0,4.333333333,0,0,0,0,0,0,0,0,0,0,0,0,0,0,0,0,0,0,0,0,0,0,0,0,0,0,0,0,0,0,0,0,0,0,0,0,0,0,0,0,0,0,0,0,0,0,0,0,0,0,0,0,0,0,0,0,3.777777778,0,0,0,0,0,0,0,0,0,0,0,0,0,0,0,0,0,0,0,0,0,0,0,0,0,0,0,0,0,0,0,0,0,0,0,0,0,0,0,0,0,0,0,0,0,0,18,1,10,0,8,2,1,0,34,8,2,2,2,1,0,0,0,0,0,0,1,0,57,15,345,197,1,0,0,0,0,0,0,0,0,0,0,0,0,0,0,0,0,0,0,0,0,0,0,0,0,0,0,0,0,0,0,0,0,0,0,0,0,0,0,0,0,0,0,0,0,0,0,0,0,0,0,0,0,0,0,0,0,0,0,0,0,0,0,0,0,0,0,0,0,0,0,0,0,0,0,0,0,0,0,0,0,0,0,0,0,0,0,0,0,0,0,0,0,0,0,0,0,0,0,0,0,0,0,0,0,134,0,0,0,0,0,0,0,0,0,15,0,35,35,0,39,0,0,0,0,0,0,0,0,0,0,0,0,0,0,0,0,0,0,0,0,0,0,0,0,0,0,0,0,0,0,0,0,0,0,0,0,0,0,0,0,0,0,0,0,0,0,0,0,0,0,0,0,0,0,0,0,34,0,0,0,0,0,0,0,0,0,0,0,0,0,0,0,0,0,0,0,0,0,0,0,0,0,0,0,0,0,0,0,0,0,0,0,0,0,0,0,0,0,0,0,0,0,0,0.420987654,2.422222222,0.271111111,0,0.3,0.155555556,2.422222222,0,0.294444444,0.376388889,0.638888889,0.155555556,0.422222222,0.111111111,0,0,0,0,0,0,0.233333333,0,0.111111111,0.111111111,0.111111111,0.111111111,0.111111111,0,0,0,0,0,0,0,0,0,0,0,0,0,0,0,0,0,0,0,0,0,0,0,0,0,0,0,0,0,0,0,0,0,0,0,0,0,0,0,0,0,0,0,0,0,0,0,0,0,0,0,0,0,0,0,0,0,0,0,0,0,0,0,0,0,0,0,0,0,0,0,0,0,0,0,0,0,0,0,0,0,0,0,0,0,0,0,0,0,0,0,0,0,0,0,0,0,0,0,0,0,0,0,0,0.111111111,0,0,0,0,0,0,0,0,0,0.111111111,0,0.111111111,0.111111111,0,0.111111111,0,0,0,0,0,0,0,0,0,0,0,0,0,0,0,0,0,0,0,0,0,0,0,0,0,0,0,0,0,0,0,0,0,0,0,0,0,0,0,0,0,0,0,0,0,0,0,0,0,0,0,0,0,0,0,0,0.111111111,0,0,0,0,0,0,0,0,0,0,0,0,0,0,0,0,0,0,0,0,0,0,0,0,0,0,0,0,0,0,0,0,0,0,0,0,0,0,0,0,0,0,0,0,0,0,16,1,1,0,0,0,0,0,0,10,0,10,0,8,0,0,0,2,2,0,2,1,1,0,0,0,0,0,0,0,0,0,0,0,0,0,0,0,0,FALSE,FALSE
23,29.87777778,0,0,0,0,0,0,0,14.8,1.233333333,0,0,0,0,0,0,0,0,0,0,0,0,12.33333333,0,3.288888889,0,0,3.577777778,0,0,0.4,0,0,2.066666667,0,0,0,0,0,0,0,0,0,11.47777778,0,0,0,9.866666667,9.866666667,0,3.655555556,0,0,0.044444444,0,0,0.488888889,0,0,0.088888889,0,0,0,258.1777778,0,0,0,0,0,0,0,0,0,0,0,0,0,0,0,0,0,0,0,0,0,0,0,0,0,0,0,0,0,0,0,0,0,0,0,0,0,0,0,0,0,0,0,0,0,0,0,0,0,0,0,0,0,0,0,0,0,0,0,0,0,0,0,0,0,0,0,0,0,1.288888889,1.244444444,0,0,0,0,0,0,0,0,0,0,0,0,0,0,0,0,0,0,0,0,0,0,0,0.7,0.7,0,0,0,0,0,0,0,0,0,0,0,0,0,0,0,0,0,0,0,0,0,0,0,0,0,0,0,0,0,0,0,0,0,0,0,0,0,0,0,0,0,0,0,0,0.088888889,0,0,0,0,0,0,0,0,0,0,0,0,0,0,0,0,0,0,0,0,0,0,0,0,0,0,0,0,0,0,0,0,0,0,0,0,0,0,0,0,0,0,0,0,0,14,0,0,0,0,0,0,0,12,1,0,0,0,0,0,0,0,0,0,0,0,0,10,0,1,0,0,6,0,0,9,0,0,1,0,0,0,0,0,0,0,0,0,11,0,0,0,8,8,0,3,0,0,1,0,0,11,0,0,2,0,0,0,5809,0,0,0,0,0,0,0,0,0,0,0,0,0,0,0,0,0,0,0,0,0,0,0,0,0,0,0,0,0,0,0,0,0,0,0,0,0,0,0,0,0,0,0,0,0,0,0,0,0,0,0,0,0,0,0,0,0,0,0,0,0,0,0,0,0,0,0,0,0,29,28,0,0,0,0,0,0,0,0,0,0,0,0,0,0,0,0,0,0,0,0,0,0,0,1,1,0,0,0,0,0,0,0,0,0,0,0,0,0,0,0,0,0,0,0,0,0,0,0,0,0,0,0,0,0,0,0,0,0,0,0,0,0,0,0,0,0,0,0,0,2,0,0,0,0,0,0,0,0,0,0,0,0,0,0,0,0,0,0,0,0,0,0,0,0,0,0,0,0,0,0,0,0,0,0,0,0,0,0,0,0,0,0,0,0,0,2.134126984,0,0,0,0,0,0,0,1.233333333,1.233333333,0,0,0,0,0,0,0,0,0,0,0,0,1.233333333,0,3.288888889,0,0,0.596296296,0,0,0.044444444,0,0,2.066666667,0,0,0,0,0,0,0,0,0,1.043434343,0,0,0,1.233333333,1.233333333,0,1.218518519,0,0,0.044444444,0,0,0.044444444,0,0,0.044444444,0,0,0,0.044444444,0,0,0,0,0,0,0,0,0,0,0,0,0,0,0,0,0,0,0,0,0,0,0,0,0,0,0,0,0,0,0,0,0,0,0,0,0,0,0,0,0,0,0,0,0,0,0,0,0,0,0,0,0,0,0,0,0,0,0,0,0,0,0,0,0,0,0,0,0,0.044444444,0.044444444,0,0,0,0,0,0,0,0,0,0,0,0,0,0,0,0,0,0,0,0,0,0,0,0.7,0.7,0,0,0,0,0,0,0,0,0,0,0,0,0,0,0,0,0,0,0,0,0,0,0,0,0,0,0,0,0,0,0,0,0,0,0,0,0,0,0,0,0,0,0,0,0.044444444,0,0,0,0,0,0,0,0,0,0,0,0,0,0,0,0,0,0,0,0,0,0,0,0,0,0,0,0,0,0,0,0,0,0,0,0,0,0,0,0,0,0,0,0,0,12,0,0,0,0,0,0,0,0,0,0,0,0,0,0,0,0,0,0,0,0,0,0,0,0,0,1,0,0,0,0,0,0,0,0,0,0,0,0,TRUE,TRUE
24,19.87777778,6.088888889,3.988888889,0.122222222,0,3.366666667,2.044444444,0,16.25555556,0.277777778,0,0,0,0,0,0,3.3,0,0,0,0,0.744444444,21.55555556,0.266666667,13.06666667,6.044444444,0,0.6,0.6,0.6,1.333333333,1.333333333,0.5,0.566666667,0.366666667,0,0.333333333,0.333333333,0.033333333,0.433333333,0.066666667,0,0,0.3,0,0,0,0.266666667,0.266666667,0.166666667,1.2,1.166666667,0,0.333333333,0.333333333,0.333333333,0.666666667,0.666666667,0.666666667,0.366666667,0.366666667,0.033333333,6.433333333,20.56666667,0,0,0,0,0,0,0,0,0,0,0,0,0,0,0,0,0,0,0,0,0,0,0,0,0,0,0,0,0,0,0,0,0.722222222,0.8,0,0,0,0,0,0,0,0.366666667,0,0.9,0,0,0,0,0,0,0,0,0,0.033333333,0,0,0,0,0,0,0,0,0,0,0,0,0,5.322222222,0,0.966666667,0.233333333,0.133333333,0.066666667,0.066666667,1.488888889,0,0,0,0,6.811111111,6.811111111,0,0,0,0,0,0,0,0,0,0,0,0,0,0.033333333,0.033333333,0,0,0,0,0,0,0,0,0,0,0,0,0,0,0,0,0,0,0,0,0,0,0,0,0,0,0,0,0,0,0.366666667,0,0,0,0,0,0,0,0,0,0,0,0,3.388888889,0.1,0.066666667,0.033333333,0.066666667,0.533333333,0.033333333,0.066666667,0.066666667,0.066666667,0.033333333,0,0,0,0,0,0,0,0,0,0,0,0,0,0,0,0,0,0,0,0,0,0,0,0,0,0,0,0,0,0,0,0,0,0,0,0,39,8,10,1,0,6,2,0,26,1,0,0,0,0,0,0,5,0,0,0,0,1,49,1,51,38,0,18,18,18,40,40,15,17,11,0,10,10,1,13,2,0,0,9,0,0,0,8,8,5,36,35,0,10,10,10,20,20,20,11,11,1,193,617,0,0,0,0,0,0,0,0,0,0,0,0,0,0,0,0,0,0,0,0,0,0,0,0,0,0,0,0,0,0,0,0,4,24,0,0,0,0,0,0,0,11,0,27,0,0,0,0,0,0,0,0,0,1,0,0,0,0,0,0,0,0,0,0,0,0,0,34,0,29,7,4,2,2,6,0,0,0,0,12,12,0,0,0,0,0,0,0,0,0,0,0,0,0,1,1,0,0,0,0,0,0,0,0,0,0,0,0,0,0,0,0,0,0,0,0,0,0,0,0,0,0,0,0,0,0,11,0,0,0,0,0,0,0,0,0,0,0,0,5,3,2,1,2,16,1,2,2,2,1,0,0,0,0,0,0,0,0,0,0,0,0,0,0,0,0,0,0,0,0,0,0,0,0,0,0,0,0,0,0,0,0,0,0,0,0,0.50968661,0.761111111,0.398888889,0.122222222,0,0.561111111,1.022222222,0,0.625213675,0.277777778,0,0,0,0,0,0,0.66,0,0,0,0,0.744444444,0.439909297,0.266666667,0.25620915,0.159064327,0,0.033333333,0.033333333,0.033333333,0.033333333,0.033333333,0.033333333,0.033333333,0.033333333,0,0.033333333,0.033333333,0.033333333,0.033333333,0.033333333,0,0,0.033333333,0,0,0,0.033333333,0.033333333,0.033333333,0.033333333,0.033333333,0,0.033333333,0.033333333,0.033333333,0.033333333,0.033333333,0.033333333,0.033333333,0.033333333,0.033333333,0.033333333,0.033333333,0,0,0,0,0,0,0,0,0,0,0,0,0,0,0,0,0,0,0,0,0,0,0,0,0,0,0,0,0,0,0,0,0.180555556,0.033333333,0,0,0,0,0,0,0,0.033333333,0,0.033333333,0,0,0,0,0,0,0,0,0,0.033333333,0,0,0,0,0,0,0,0,0,0,0,0,0,0.156535948,0,0.033333333,0.033333333,0.033333333,0.033333333,0.033333333,0.248148148,0,0,0,0,0.567592593,0.567592593,0,0,0,0,0,0,0,0,0,0,0,0,0,0.033333333,0.033333333,0,0,0,0,0,0,0,0,0,0,0,0,0,0,0,0,0,0,0,0,0,0,0,0,0,0,0,0,0,0,0.033333333,0,0,0,0,0,0,0,0,0,0,0,0,0.677777778,0.033333333,0.033333333,0.033333333,0.033333333,0.033333333,0.033333333,0.033333333,0.033333333,0.033333333,0.033333333,0,0,0,0,0,0,0,0,0,0,0,0,0,0,0,0,0,0,0,0,0,0,0,0,0,0,0,0,0,0,0,0,0,0,0,0,36,7,2,7,5,1,2,1,1,10,1,10,1,7,0,0,0,6,5,0,6,4,4,0,0,8,33,9,10,0,0,0,0,0,0,0,0,0,0,FALSE,TRUE
25,4.444444444,0,0,0,0,0,0,0,4.566666667,1.511111111,0.677777778,0,0,2.222222222,0,0,0,0,0.222222222,2,0.833333333,0,2.133333333,0,30.81111111,2.1,0,46.01111111,27.77777778,27.77777778,7.866666667,0,0,65.73333333,0,0,0.088888889,0,0,0.888888889,0,0,0,17.96666667,0.355555556,0.355555556,0.355555556,0.888888889,0.333333333,0,13.51111111,0,0,24.93333333,1.3,0,6.433333333,5.944444444,5.322222222,12.14444444,6.766666667,6.766666667,0,10.66666667,17.01111111,5.055555556,5.055555556,0,60.58888889,0,0,0,0,0,15,0,0,0,0,0,24.97777778,68.22222222,68.22222222,68.22222222,71.01111111,55.14444444,54.57777778,15.53333333,0.911111111,0,1.8,0,28.56666667,2.488888889,0,0,1.411111111,0,2.622222222,1.311111111,0,0,0,0,0,0,0,0,0,0,0,0,0.622222222,0,0,0,0,0,0,14.4,0,0,0,0,0,0,0,0.911111111,1.8,2.488888889,0,0.688888889,1.3,0.933333333,0,0.933333333,0,0,0,0,0,0,0,8.222222222,4.988888889,3.233333333,0,12.4,0,0,0,3.555555556,3.555555556,0,0,0,0,0,2.977777778,2,0.2,0,0,0,0,11.95555556,9.155555556,0,35.07777778,0,3.188888889,0,6.6,0,0,0,0,0,24.97777778,10.42222222,14.55555556,0,0,0,0,0,0,19.05555556,16.45555556,0,0,0,0,0,0,0,0,0,0,0,7.933333333,0,0,0,0,0,0,0,0,0.933333333,0,0,0,0,2.833333333,12.4,12.4,1.311111111,0.977777778,0.2,2.8,28.7,9.988888889,6.6,0.566666667,7.933333333,0,0,0,0,0,0,0,0,0,0,0,0,0,0,0,0,0,0,0,0,0,0,0,0,20,0,0,0,0,0,0,0,13,2,1,0,0,10,0,0,0,0,1,9,1,0,3,0,40,6,0,27,20,20,6,0,0,26,0,0,1,0,0,10,0,0,0,20,2,2,2,2,1,0,20,0,0,16,1,0,11,8,1,26,3,3,0,11,12,4,4,0,19,0,0,0,0,0,25,0,0,0,0,0,9,10,10,10,37,9,8,14,2,0,3,0,38,4,0,0,4,0,2,1,0,0,0,0,0,0,0,0,0,0,0,0,7,0,0,0,0,0,0,24,0,0,0,0,0,0,0,2,3,4,0,2,1,1,0,1,0,0,0,0,0,0,0,15,12,3,0,4,0,0,0,5,5,0,0,0,0,0,5,4,1,0,0,0,0,8,5,0,11,0,1,0,11,0,0,0,0,0,9,7,2,0,0,0,0,0,0,28,27,0,0,0,0,0,0,0,0,0,0,0,14,0,0,0,0,0,0,0,0,1,0,0,0,0,1,4,4,1,1,1,3,9,1,11,1,14,0,0,0,0,0,0,0,0,0,0,0,0,0,0,0,0,0,0,0,0,0,0,0,0,0.222222222,0,0,0,0,0,0,0,0.351282051,0.755555556,0.677777778,0,0,0.222222222,0,0,0,0,0.222222222,0.222222222,0.833333333,0,0.711111111,0,0.770277778,0.35,0,1.704115226,1.388888889,1.388888889,1.311111111,0,0,2.528205128,0,0,0.088888889,0,0,0.088888889,0,0,0,0.898333333,0.177777778,0.177777778,0.177777778,0.444444444,0.333333333,0,0.675555556,0,0,1.558333333,1.3,0,0.584848485,0.743055556,5.322222222,0.467094017,2.255555556,2.255555556,0,0.96969697,1.417592593,1.263888889,1.263888889,0,3.188888889,0,0,0,0,0,0.6,0,0,0,0,0,2.775308642,6.822222222,6.822222222,6.822222222,1.919219219,6.127160494,6.822222222,1.10952381,0.455555556,0,0.6,0,0.751754386,0.622222222,0,0,0.352777778,0,1.311111111,1.311111111,0,0,0,0,0,0,0,0,0,0,0,0,0.088888889,0,0,0,0,0,0,0.6,0,0,0,0,0,0,0,0.455555556,0.6,0.622222222,0,0.344444444,1.3,0.933333333,0,0.933333333,0,0,0,0,0,0,0,0.548148148,0.415740741,1.077777778,0,3.1,0,0,0,0.711111111,0.711111111,0,0,0,0,0,0.595555556,0.5,0.2,0,0,0,0,1.494444444,1.831111111,0,3.188888889,0,3.188888889,0,0.6,0,0,0,0,0,2.775308642,1.488888889,7.277777778,0,0,0,0,0,0,0.680555556,0.609465021,0,0,0,0,0,0,0,0,0,0,0,0.566666667,0,0,0,0,0,0,0,0,0.933333333,0,0,0,0,2.833333333,3.1,3.1,1.311111111,0.977777778,0.2,0.933333333,3.188888889,9.988888889,0.6,0.566666667,0.566666667,0,0,0,0,0,0,0,0,0,0,0,0,0,0,0,0,0,0,0,0,0,0,0,0,19,0,0,0,0,0,0,0,0,0,0,0,0,0,0,0,0,0,0,0,0,0,0,0,0,0,17,15,22,13,37,4,0,4,3,0,0,0,0,TRUE,TRUE
26,2.933333333,0,0,0,0,0,0,0,1.133333333,0,0,0,0,0,0,0,0,0,0,0,0,0,1.066666667,0.433333333,1.733333333,0.066666667,0,1.766666667,0,0,1.766666667,0.033333333,0.033333333,1.766666667,0,0,1.766666667,0,0,1.733333333,0,0,0,1.733333333,0,0,0,0,0,0,1.733333333,0.033333333,0.033333333,1.8,1.333333333,0,0.866666667,0,0,0.9,0.2,0.2,0.166666667,4.166666667,0.7,0.033333333,0.033333333,0.033333333,1.566666667,0.2,0,0.2,0,0,1.833333333,0.666666667,0.033333333,0.033333333,0,0.133333333,1.8,1.533333333,0.366666667,0,1.6,0.533333333,0,0.9,0,0,0,0,1.833333333,1.7,0.1,0,0,0,0,0,0,0,0,0,0,0,0,0,0,1.3,0.033333333,0,0,0,0,0,0,0,0,0.966666667,0,0,0.633333333,0,0,0,0.033333333,0,0,1.6,0,0.033333333,0,0,0,0,0,0,0,0,0,0,0,0,0,0,0,0,0,0,0,0,0,0,0,0,0,0,0,0,0,0,0,0,0,0,0,0,0,0,0,0,0,0,0,0,0,0,0.033333333,0.033333333,0,0,0,0,0,0,0,0,0,0,0,0,0,0,0,0,0,0,0,0,0.066666667,0,0,0,0,0,0,0,0,0,0,0,0,0,0,0,0,0,0,0,0,0,0,0,0,0,0.033333333,0.033333333,0.366666667,0.033333333,0.033333333,0.1,0,0,0,0,0,0,0,0,0,0,0,0,0,0,0,0,0,0,38,0,0,0,0,0,0,0,34,0,0,0,0,0,0,0,0,0,0,0,0,0,32,13,52,2,0,53,0,0,53,1,1,53,0,0,53,0,0,52,0,0,0,52,0,0,0,0,0,0,52,1,1,54,40,0,26,0,0,27,6,6,5,125,21,1,1,1,47,6,0,6,0,0,55,20,1,1,0,4,54,46,11,0,48,16,0,27,0,0,0,0,55,51,3,0,0,0,0,0,0,0,0,0,0,0,0,0,0,39,1,0,0,0,0,0,0,0,0,29,0,0,19,0,0,0,1,0,0,48,0,1,0,0,0,0,0,0,0,0,0,0,0,0,0,0,0,0,0,0,0,0,0,0,0,0,0,0,0,0,0,0,0,0,0,0,0,0,0,0,0,0,0,0,0,0,0,0,1,1,0,0,0,0,0,0,0,0,0,0,0,0,0,0,0,0,0,0,0,0,2,0,0,0,0,0,0,0,0,0,0,0,0,0,0,0,0,0,0,0,0,0,0,0,0,0,1,1,11,1,1,3,0,0,0,0,0,0,0,0,0,0,0,0,0,0,0,0,0,0,0.077192982,0,0,0,0,0,0,0,0.033333333,0,0,0,0,0,0,0,0,0,0,0,0,0,0.033333333,0.033333333,0.033333333,0.033333333,0,0.033333333,0,0,0.033333333,0.033333333,0.033333333,0.033333333,0,0,0.033333333,0,0,0.033333333,0,0,0,0.033333333,0,0,0,0,0,0,0.033333333,0.033333333,0.033333333,0.033333333,0.033333333,0,0.033333333,0,0,0.033333333,0.033333333,0.033333333,0.033333333,0.033333333,0.033333333,0.033333333,0.033333333,0.033333333,0.033333333,0.033333333,0,0.033333333,0,0,0.033333333,0.033333333,0.033333333,0.033333333,0,0.033333333,0.033333333,0.033333333,0.033333333,0,0.033333333,0.033333333,0,0.033333333,0,0,0,0,0.033333333,0.033333333,0.033333333,0,0,0,0,0,0,0,0,0,0,0,0,0,0,0.033333333,0.033333333,0,0,0,0,0,0,0,0,0.033333333,0,0,0.033333333,0,0,0,0.033333333,0,0,0.033333333,0,0.033333333,0,0,0,0,0,0,0,0,0,0,0,0,0,0,0,0,0,0,0,0,0,0,0,0,0,0,0,0,0,0,0,0,0,0,0,0,0,0,0,0,0,0,0,0,0,0,0.033333333,0.033333333,0,0,0,0,0,0,0,0,0,0,0,0,0,0,0,0,0,0,0,0,0.033333333,0,0,0,0,0,0,0,0,0,0,0,0,0,0,0,0,0,0,0,0,0,0,0,0,0,0.033333333,0.033333333,0.033333333,0.033333333,0.033333333,0.033333333,0,0,0,0,0,0,0,0,0,0,0,0,0,0,0,0,0,0,37,0,0,0,0,0,0,0,0,0,0,0,0,0,0,0,0,0,0,0,0,0,0,0,0,52,51,53,26,26,54,50,2,50,49,1,2,2,1,TRUE,TRUE
27,18.58888889,9.155555556,0.355555556,0,0,0.355555556,0.866666667,0,28.22222222,12.15555556,7.077777778,0,0,0.933333333,0.466666667,0.466666667,0,0,0,0,0,1.9,20.51111111,1.311111111,18.62222222,4.655555556,0,12.63333333,1.7,1.7,3.377777778,0,0,2.488888889,0,0,2.577777778,0,0,0.977777778,0,0,0,1.333333333,0,0,0,0,0,0,0.8,0.177777778,0,1.333333333,0,0,2.755555556,0,0,0.8,0,0,0,2.044444444,0,0,0,0,0.088888889,0,0,0,0,0,0.088888889,0,0,0,0,0,1.866666667,1.066666667,0,0,4.355555556,0,0,0,0,0,0,0,1.6,0,0,0,0,0,0,0,0,0,0,0,0,0,0,0,0,0,0,0,0,0,0,0,0,0,0,0,2.577777778,0,0,0,0,0,0,0,0,0,0,2.322222222,0,0,0,0,0,0,1.811111111,0,0,0,0,12.86666667,12.86666667,0,0,0.544444444,0.544444444,0,0,0,0,0,0,0,0,0,0,0,0,0,0,0,0,0,0,0,0,0,0,0,0,0,0,0,0,0,0,0,0,0,0,0,0,0,0,0,0,0,0,0,0,0,0,0,0,0,0,0,0,0,0,10.35555556,0,0,0,0,0,0,0,0,0,0,0,0,0,0,0,0,0,0,0,0,0,0,0,0,0,0,0,0,1.811111111,0,0,0,0,0,0,0,0,0,0,0,0,0,0,0,0,0,20,7,4,0,0,4,1,0,44,14,10,0,0,3,1,2,0,0,0,0,0,1,27,1,37,15,0,22,17,17,38,0,0,28,0,0,29,0,0,11,0,0,0,15,0,0,0,0,0,0,9,2,0,15,0,0,31,0,0,9,0,0,0,23,0,0,0,0,1,0,0,0,0,0,1,0,0,0,0,0,21,12,0,0,49,0,0,0,0,0,0,0,18,0,0,0,0,0,0,0,0,0,0,0,0,0,0,0,0,0,0,0,0,0,0,0,0,0,0,0,29,0,0,0,0,0,0,0,0,0,0,10,0,0,0,0,0,0,1,0,0,0,0,14,14,0,0,1,1,0,0,0,0,0,0,0,0,0,0,0,0,0,0,0,0,0,0,0,0,0,0,0,0,0,0,0,0,0,0,0,0,0,0,0,0,0,0,0,0,0,0,0,0,0,0,0,0,0,0,0,0,0,0,9,0,0,0,0,0,0,0,0,0,0,0,0,0,0,0,0,0,0,0,0,0,0,0,0,0,0,0,0,1,0,0,0,0,0,0,0,0,0,0,0,0,0,0,0,0,0,0.929444444,1.307936508,0.088888889,0,0,0.088888889,0.866666667,0,0.641414141,0.868253968,0.707777778,0,0,0.311111111,0.466666667,0.233333333,0,0,0,0,0,1.9,0.759670782,1.311111111,0.503303303,0.31037037,0,0.574242424,0.1,0.1,0.088888889,0,0,0.088888889,0,0,0.088888889,0,0,0.088888889,0,0,0,0.088888889,0,0,0,0,0,0,0.088888889,0.088888889,0,0.088888889,0,0,0.088888889,0,0,0.088888889,0,0,0,0.088888889,0,0,0,0,0.088888889,0,0,0,0,0,0.088888889,0,0,0,0,0,0.088888889,0.088888889,0,0,0.088888889,0,0,0,0,0,0,0,0.088888889,0,0,0,0,0,0,0,0,0,0,0,0,0,0,0,0,0,0,0,0,0,0,0,0,0,0,0,0.088888889,0,0,0,0,0,0,0,0,0,0,0.232222222,0,0,0,0,0,0,1.811111111,0,0,0,0,0.919047619,0.919047619,0,0,0.544444444,0.544444444,0,0,0,0,0,0,0,0,0,0,0,0,0,0,0,0,0,0,0,0,0,0,0,0,0,0,0,0,0,0,0,0,0,0,0,0,0,0,0,0,0,0,0,0,0,0,0,0,0,0,0,0,0,0,1.150617284,0,0,0,0,0,0,0,0,0,0,0,0,0,0,0,0,0,0,0,0,0,0,0,0,0,0,0,0,1.811111111,0,0,0,0,0,0,0,0,0,0,0,0,0,0,0,0,0,17,7,1,4,3,0,0,0,0,4,0,4,0,3,0,0,0,4,3,0,4,3,3,0,0,27,7,14,5,0,17,0,0,0,0,0,0,0,0,FALSE,TRUE
28,3.211111111,0,1.7,0,1.4,0.133333333,0,0,1.4,0,0,0,0,0.633333333,0,0.633333333,0,0,0,0,0,0,0.9,0.033333333,4.333333333,3.6,0.033333333,1.366666667,0.766666667,0.766666667,2.766666667,1.966666667,0,0.633333333,0,0,1.233333333,0.5,0.433333333,2.166666667,0.066666667,0,0.066666667,2.166666667,0,0,0,1.5,1.5,0,1.8,1.7,0,1.733333333,0.166666667,0,1.3,1.2,0.033333333,2.933333333,2.8,1.1,0.033333333,0.766666667,5.666666667,4.633333333,2.4,0,1.866666667,1.233333333,0,0,1.866666667,0,1.9,1.9,0.033333333,0,0,0.566666667,0.933333333,1.433333333,0.5,0,1.966666667,1.9,0.033333333,1.333333333,0,0,1.166666667,0,1.7,0.033333333,0.033333333,0,3.6,0.033333333,0,0,0,0,0,0.033333333,0,1.666666667,0,0.033333333,0.133333333,0,0.7,0.666666667,1.166666667,1,1.6,0.066666667,0,0,0,1.333333333,0.066666667,0,1.2,0.033333333,0.033333333,0,0,0,0.566666667,0,0.6,0,0,0,0,0,0,0,0,0,0.033333333,0,0,0,0,0,1.5,0,0,0,0,0,0,0,0,0,0,0,0,0,0,0,0,0,0,0,0,0,0,0,0,0,0,0,0,0,0,0,0,0,0,0,0,0,0,0,0,0,0,0,0,0,0,0,0,0,0,0,0,0,0,0,0.033333333,0,0,0,0,0,0,0,0,0,0,0,0,0,0,0,0,0,0,0,0,0,0,0,0,0,0,0,0,0,0,0.033333333,0.6,2.166666667,0.033333333,1.433333333,0,0,0,0,0,0,0,0,0,0,0,0,76,0,49,0,42,2,0,0,42,0,0,0,0,19,0,19,0,0,0,0,0,0,27,1,130,108,1,41,23,23,83,59,0,19,0,0,37,15,13,65,2,0,2,65,0,0,0,45,45,0,54,51,0,52,5,0,39,36,1,88,84,33,1,23,170,139,72,0,56,37,0,0,56,0,57,57,1,0,0,17,28,43,15,0,59,57,1,40,0,0,35,0,51,1,1,0,108,1,0,0,0,0,0,1,0,50,0,1,4,0,21,20,35,30,48,2,0,0,0,40,2,0,36,1,1,0,0,0,17,0,18,0,0,0,0,0,0,0,0,0,1,0,0,0,0,0,45,0,0,0,0,0,0,0,0,0,0,0,0,0,0,0,0,0,0,0,0,0,0,0,0,0,0,0,0,0,0,0,0,0,0,0,0,0,0,0,0,0,0,0,0,0,0,0,0,0,0,0,0,0,0,0,1,0,0,0,0,0,0,0,0,0,0,0,0,0,0,0,0,0,0,0,0,0,0,0,0,0,0,0,0,0,0,1,18,65,1,43,0,0,0,0,0,0,0,0,0,0,0,0,0.042251462,0,0.034693878,0,0.033333333,0.066666667,0,0,0.033333333,0,0,0,0,0.033333333,0,0.033333333,0,0,0,0,0,0,0.033333333,0.033333333,0.033333333,0.033333333,0.033333333,0.033333333,0.033333333,0.033333333,0.033333333,0.033333333,0,0.033333333,0,0,0.033333333,0.033333333,0.033333333,0.033333333,0.033333333,0,0.033333333,0.033333333,0,0,0,0.033333333,0.033333333,0,0.033333333,0.033333333,0,0.033333333,0.033333333,0,0.033333333,0.033333333,0.033333333,0.033333333,0.033333333,0.033333333,0.033333333,0.033333333,0.033333333,0.033333333,0.033333333,0,0.033333333,0.033333333,0,0,0.033333333,0,0.033333333,0.033333333,0.033333333,0,0,0.033333333,0.033333333,0.033333333,0.033333333,0,0.033333333,0.033333333,0.033333333,0.033333333,0,0,0.033333333,0,0.033333333,0.033333333,0.033333333,0,0.033333333,0.033333333,0,0,0,0,0,0.033333333,0,0.033333333,0,0.033333333,0.033333333,0,0.033333333,0.033333333,0.033333333,0.033333333,0.033333333,0.033333333,0,0,0,0.033333333,0.033333333,0,0.033333333,0.033333333,0.033333333,0,0,0,0.033333333,0,0.033333333,0,0,0,0,0,0,0,0,0,0.033333333,0,0,0,0,0,0.033333333,0,0,0,0,0,0,0,0,0,0,0,0,0,0,0,0,0,0,0,0,0,0,0,0,0,0,0,0,0,0,0,0,0,0,0,0,0,0,0,0,0,0,0,0,0,0,0,0,0,0,0,0,0,0,0,0.033333333,0,0,0,0,0,0,0,0,0,0,0,0,0,0,0,0,0,0,0,0,0,0,0,0,0,0,0,0,0,0,0.033333333,0.033333333,0.033333333,0.033333333,0.033333333,0,0,0,0,0,0,0,0,0,0,0,0,75,0,0,0,0,0,0,0,0,49,0,48,0,46,0,0,0,2,1,0,2,1,0,0,0,36,53,51,87,39,50,1,1,1,0,0,1,0,0,FALSE,FALSE
29,5.111111111,2.511111111,0,0,0,0,0,0,0.2,0,0,0,0,0,0,0,0,0,0,0,0,0,0.1,0,1.7,0,0,1.7,0,0,1.7,0,0,1.7,0,0,0.1,0,0,1.7,0,0,0,1.7,0,0,0,0,0,0,1.6,0,0,0.133333333,0,0,1.7,0,0,0.9,0,0,0,2.166666667,1.1,0,0,0,1.733333333,0,0,0,0,0,1.7,0,0,0,0,0,1.7,1.333333333,0,0,1.733333333,0,0,1.066666667,0.633333333,0.333333333,0,0,1.766666667,0,0,0,0,0,0,0,0,0,0,0,0,0,0,0,0,0,0.066666667,0.066666667,0,0,0,0,0,0,0,0.833333333,0,0,0,0,0,0,0,0,0,0,0,0,0,0.433333333,0,0,0,0,0,0,0,0,0,0,0,0,0,0,0,0,0,0,0,0,0,0,0,0,1.033333333,0,0.6,0,0,0.866666667,0,1.066666667,0,0,0.066666667,0,0,0,0.8,0,0,0,0,0,0,0,0,0.5,0,0,0,0,0,0.966666667,0.966666667,0,0,0,0,0,0,0,0,0,0,0,1.566666667,0,0,0,0,0,0,0,0,0,0,0.333333333,0,0.3,0,0,0,0,0,0.6,0,0,0,0,0,0,0,0,0,0.066666667,1.166666667,0,0,0,0,0,0,0,1.033333333,0.333333333,0.533333333,0.033333333,0.2,0.366666667,0.5,0.466666667,0.3,0.033333333,0.1,0.233333333,153,75,0,0,0,0,0,0,6,0,0,0,0,0,0,0,0,0,0,0,0,0,3,0,51,0,0,51,0,0,51,0,0,51,0,0,3,0,0,51,0,0,0,51,0,0,0,0,0,0,48,0,0,4,0,0,51,0,0,27,0,0,0,65,33,0,0,0,52,0,0,0,0,0,51,0,0,0,0,0,51,40,0,0,52,0,0,32,19,10,0,0,53,0,0,0,0,0,0,0,0,0,0,0,0,0,0,0,0,0,2,2,0,0,0,0,0,0,0,25,0,0,0,0,0,0,0,0,0,0,0,0,0,13,0,0,0,0,0,0,0,0,0,0,0,0,0,0,0,0,0,0,0,0,0,0,0,0,31,0,18,0,0,26,0,32,0,0,2,0,0,0,24,0,0,0,0,0,0,0,0,15,0,0,0,0,0,29,29,0,0,0,0,0,0,0,0,0,0,0,47,0,0,0,0,0,0,0,0,0,0,10,0,9,0,0,0,0,0,18,0,0,0,0,0,0,0,0,0,2,35,0,0,0,0,0,0,0,31,10,16,1,6,11,15,14,9,1,3,7,0.033405955,0.033481481,0,0,0,0,0,0,0.033333333,0,0,0,0,0,0,0,0,0,0,0,0,0,0.033333333,0,0.033333333,0,0,0.033333333,0,0,0.033333333,0,0,0.033333333,0,0,0.033333333,0,0,0.033333333,0,0,0,0.033333333,0,0,0,0,0,0,0.033333333,0,0,0.033333333,0,0,0.033333333,0,0,0.033333333,0,0,0,0.033333333,0.033333333,0,0,0,0.033333333,0,0,0,0,0,0.033333333,0,0,0,0,0,0.033333333,0.033333333,0,0,0.033333333,0,0,0.033333333,0.033333333,0.033333333,0,0,0.033333333,0,0,0,0,0,0,0,0,0,0,0,0,0,0,0,0,0,0.033333333,0.033333333,0,0,0,0,0,0,0,0.033333333,0,0,0,0,0,0,0,0,0,0,0,0,0,0.033333333,0,0,0,0,0,0,0,0,0,0,0,0,0,0,0,0,0,0,0,0,0,0,0,0,0.033333333,0,0.033333333,0,0,0.033333333,0,0.033333333,0,0,0.033333333,0,0,0,0.033333333,0,0,0,0,0,0,0,0,0.033333333,0,0,0,0,0,0.033333333,0.033333333,0,0,0,0,0,0,0,0,0,0,0,0.033333333,0,0,0,0,0,0,0,0,0,0,0.033333333,0,0.033333333,0,0,0,0,0,0.033333333,0,0,0,0,0,0,0,0,0,0.033333333,0.033333333,0,0,0,0,0,0,0,0.033333333,0.033333333,0.033333333,0.033333333,0.033333333,0.033333333,0.033333333,0.033333333,0.033333333,0.033333333,0.033333333,0.033333333,147,70,0,73,68,0,0,0,0,0,0,0,0,0,0,0,0,0,0,0,0,0,0,0,0,1,47,1,24,28,52,0,0,0,0,0,0,0,0,FALSE,FALSE
30,20.4,6.644444444,7.044444444,4.466666667,0,2.577777778,0.955555556,0,0,0,0,0,0,0,0,0,0,0,0,0,0,0,0,0,0,0,0,0,0,0,0,0,0,0,0,0,2.833333333,0,0,0,0,0,0,0.055555556,0,0,0,0,0,0,0.166666667,0,0,0.888888889,0,0,0,0,0,0.666666667,0,0,0,0,0,0,0,0,0,0,0,0,0,0,0,0,0,0,0,0,0,0,0,0,0,0,0,0.5,0,0,0,0,0.444444444,0.444444444,0.444444444,0,0,0,0,0,0,0,0,0,0,0,0,0,0,0,0,0,0,0,0,0,0,0,0,0,0,0,0,0,0,0,0,0,0,0,0,0,0,0,0,0,0,0,0,0,0,0,0,0,0,0,0,0,0,0,0,0,0,0,0,0,0,0,0,0,0,0,0,0,0,0,0,0,0,0,0,0,0,0,0,0,0,0,0,0,0,0,0,0,0,0,0,0,0,0,0,0,0,0,0,0,0,0,0,0,0,0,0,0,0,0,0,0,0,0,0,0,0,0,0,0,0,0,0,0,0,0,0,0,0,0,0,0,0,0,0,0,0,0,0,0,0,0,0,0,0,0,0,0,0,0,0,0,0,0,30,14,10,6,0,4,2,0,0,0,0,0,0,0,0,0,0,0,0,0,0,0,0,0,0,0,0,0,0,0,0,0,0,0,0,0,51,0,0,0,0,0,0,1,0,0,0,0,0,0,3,0,0,16,0,0,0,0,0,12,0,0,0,0,0,0,0,0,0,0,0,0,0,0,0,0,0,0,0,0,0,0,0,0,0,0,0,9,0,0,0,0,8,8,8,0,0,0,0,0,0,0,0,0,0,0,0,0,0,0,0,0,0,0,0,0,0,0,0,0,0,0,0,0,0,0,0,0,0,0,0,0,0,0,0,0,0,0,0,0,0,0,0,0,0,0,0,0,0,0,0,0,0,0,0,0,0,0,0,0,0,0,0,0,0,0,0,0,0,0,0,0,0,0,0,0,0,0,0,0,0,0,0,0,0,0,0,0,0,0,0,0,0,0,0,0,0,0,0,0,0,0,0,0,0,0,0,0,0,0,0,0,0,0,0,0,0,0,0,0,0,0,0,0,0,0,0,0,0,0,0,0,0,0,0,0,0,0,0,0,0,0,0,0,0,0,0,0,0,0,0.68,0.474603175,0.704444444,0.744444444,0,0.644444444,0.477777778,0,0,0,0,0,0,0,0,0,0,0,0,0,0,0,0,0,0,0,0,0,0,0,0,0,0,0,0,0,0.055555556,0,0,0,0,0,0,0.055555556,0,0,0,0,0,0,0.055555556,0,0,0.055555556,0,0,0,0,0,0.055555556,0,0,0,0,0,0,0,0,0,0,0,0,0,0,0,0,0,0,0,0,0,0,0,0,0,0,0,0.055555556,0,0,0,0,0.055555556,0.055555556,0.055555556,0,0,0,0,0,0,0,0,0,0,0,0,0,0,0,0,0,0,0,0,0,0,0,0,0,0,0,0,0,0,0,0,0,0,0,0,0,0,0,0,0,0,0,0,0,0,0,0,0,0,0,0,0,0,0,0,0,0,0,0,0,0,0,0,0,0,0,0,0,0,0,0,0,0,0,0,0,0,0,0,0,0,0,0,0,0,0,0,0,0,0,0,0,0,0,0,0,0,0,0,0,0,0,0,0,0,0,0,0,0,0,0,0,0,0,0,0,0,0,0,0,0,0,0,0,0,0,0,0,0,0,0,0,0,0,0,0,0,0,0,0,0,0,0,0,0,0,0,0,0,0,0,0,0,0,29,13,2,13,12,1,1,1,1,10,6,10,6,9,6,5,5,4,4,1,4,3,3,1,1,50,2,13,11,8,7,7,7,7,7,7,7,7,7,FALSE,FALSE
