user,(0; 0),(0; 230),(0; 273),(0; 290),(0; 289),(0; 275),(0; 239),(0; 232),(1; 0),(1; 613),(1; 633),(1; 623),(2; 0),(2; 294),(2; 296),(2; 332),(2; 339),(2; 319),(3; 0),(3; 471),(3; 496),(3; 497),(3; 441),(3; 480),(3; 447),(3; 491),(4; 0),(4; 457),(4; 459),(5; 0),(5; 283),(5; 286),(5; 284),(6; 0),(7; 0),(7; 465),(7; 467),(9; 0),(9; 619),(9; 634),(11; 0),(11; 434),(11; 440),(11; 451),(11; 436),(12; 0),(12; 483),(12; 502),(13; 18),(13; 691),(13; 700),(14; 0),(14; 417),(14; 445),(14; 423),(15; 0),(16; 89),(16; 609),(16; 631),(16; 629),(17; 89),(17; 776),(18; 0),(18; 458),(18; 459),(18; 461),(19; 0),(1; 552),(1; 561),(1; 565),(1; 619),(1; 617),(1; 621),(0; 235),(2; 295),(3; 444),(4; 338),(4; 344),(4; 371),(4; 534),(5; 316),(5; 318),(6; 403),(6; 407),(7; 480),(7; 470),(7; 424),(7; 445),(7; 466),(7; 475),(8; 0),(8; 288),(8; 315),(9; 557),(9; 573),(9; 609),(9; 567),(10; 0),(10; 583),(10; 589),(10; 596),(11; 401),(11; 410),(12; 498),(12; 443),(12; 457),(12; 451),(13; 723),(13; 696),(13; 0),(14; 372),(14; 374),(14; 448),(14; 413),(15; 531),(15; 556),(15; 532),(15; 478),(15; 482),(17; 780),(17; 82),(18; 422),(18; 430),(18; 428),(18; 460),(19; 497),(19; 501),(19; 521),(0; 231),(1; 577),(2; 351),(4; 510),(6; 373),(6; 378),(7; 478),(9; 654),(9; 656),(9; 621),(11; 450),(12; 453),(12; 454),(12; 513),(12; 484),(13; 728),(13; 698),(14; 452),(14; 424),(14; 453),(17; 790),(18; 467),(19; 500),(7; 442),(7; 425),(9; 558),(10; 536),(10; 568),(11; 448),(13; 714),(13; 5),(13; 693),(13; 732),(13; 2),(13; 692),occ_(0; 0),occ_(0; 230),occ_(0; 273),occ_(0; 290),occ_(0; 289),occ_(0; 275),occ_(0; 239),occ_(0; 232),occ_(1; 0),occ_(1; 613),occ_(1; 633),occ_(1; 623),occ_(2; 0),occ_(2; 294),occ_(2; 296),occ_(2; 332),occ_(2; 339),occ_(2; 319),occ_(3; 0),occ_(3; 471),occ_(3; 496),occ_(3; 497),occ_(3; 441),occ_(3; 480),occ_(3; 447),occ_(3; 491),occ_(4; 0),occ_(4; 457),occ_(4; 459),occ_(5; 0),occ_(5; 283),occ_(5; 286),occ_(5; 284),occ_(6; 0),occ_(7; 0),occ_(7; 465),occ_(7; 467),occ_(9; 0),occ_(9; 619),occ_(9; 634),occ_(11; 0),occ_(11; 434),occ_(11; 440),occ_(11; 451),occ_(11; 436),occ_(12; 0),occ_(12; 483),occ_(12; 502),occ_(13; 18),occ_(13; 691),occ_(13; 700),occ_(14; 0),occ_(14; 417),occ_(14; 445),occ_(14; 423),occ_(15; 0),occ_(16; 89),occ_(16; 609),occ_(16; 631),occ_(16; 629),occ_(17; 89),occ_(17; 776),occ_(18; 0),occ_(18; 458),occ_(18; 459),occ_(18; 461),occ_(19; 0),occ_(1; 552),occ_(1; 561),occ_(1; 565),occ_(1; 619),occ_(1; 617),occ_(1; 621),occ_(0; 235),occ_(2; 295),occ_(3; 444),occ_(4; 338),occ_(4; 344),occ_(4; 371),occ_(4; 534),occ_(5; 316),occ_(5; 318),occ_(6; 403),occ_(6; 407),occ_(7; 480),occ_(7; 470),occ_(7; 424),occ_(7; 445),occ_(7; 466),occ_(7; 475),occ_(8; 0),occ_(8; 288),occ_(8; 315),occ_(9; 557),occ_(9; 573),occ_(9; 609),occ_(9; 567),occ_(10; 0),occ_(10; 583),occ_(10; 589),occ_(10; 596),occ_(11; 401),occ_(11; 410),occ_(12; 498),occ_(12; 443),occ_(12; 457),occ_(12; 451),occ_(13; 723),occ_(13; 696),occ_(13; 0),occ_(14; 372),occ_(14; 374),occ_(14; 448),occ_(14; 413),occ_(15; 531),occ_(15; 556),occ_(15; 532),occ_(15; 478),occ_(15; 482),occ_(17; 780),occ_(17; 82),occ_(18; 422),occ_(18; 430),occ_(18; 428),occ_(18; 460),occ_(19; 497),occ_(19; 501),occ_(19; 521),occ_(0; 231),occ_(1; 577),occ_(2; 351),occ_(4; 510),occ_(6; 373),occ_(6; 378),occ_(7; 478),occ_(9; 654),occ_(9; 656),occ_(9; 621),occ_(11; 450),occ_(12; 453),occ_(12; 454),occ_(12; 513),occ_(12; 484),occ_(13; 728),occ_(13; 698),occ_(14; 452),occ_(14; 424),occ_(14; 453),occ_(17; 790),occ_(18; 467),occ_(19; 500),occ_(7; 442),occ_(7; 425),occ_(9; 558),occ_(10; 536),occ_(10; 568),occ_(11; 448),occ_(13; 714),occ_(13; 5),occ_(13; 693),occ_(13; 732),occ_(13; 2),occ_(13; 692),avg_(0; 0),avg_(0; 230),avg_(0; 273),avg_(0; 290),avg_(0; 289),avg_(0; 275),avg_(0; 239),avg_(0; 232),avg_(1; 0),avg_(1; 613),avg_(1; 633),avg_(1; 623),avg_(2; 0),avg_(2; 294),avg_(2; 296),avg_(2; 332),avg_(2; 339),avg_(2; 319),avg_(3; 0),avg_(3; 471),avg_(3; 496),avg_(3; 497),avg_(3; 441),avg_(3; 480),avg_(3; 447),avg_(3; 491),avg_(4; 0),avg_(4; 457),avg_(4; 459),avg_(5; 0),avg_(5; 283),avg_(5; 286),avg_(5; 284),avg_(6; 0),avg_(7; 0),avg_(7; 465),avg_(7; 467),avg_(9; 0),avg_(9; 619),avg_(9; 634),avg_(11; 0),avg_(11; 434),avg_(11; 440),avg_(11; 451),avg_(11; 436),avg_(12; 0),avg_(12; 483),avg_(12; 502),avg_(13; 18),avg_(13; 691),avg_(13; 700),avg_(14; 0),avg_(14; 417),avg_(14; 445),avg_(14; 423),avg_(15; 0),avg_(16; 89),avg_(16; 609),avg_(16; 631),avg_(16; 629),avg_(17; 89),avg_(17; 776),avg_(18; 0),avg_(18; 458),avg_(18; 459),avg_(18; 461),avg_(19; 0),avg_(1; 552),avg_(1; 561),avg_(1; 565),avg_(1; 619),avg_(1; 617),avg_(1; 621),avg_(0; 235),avg_(2; 295),avg_(3; 444),avg_(4; 338),avg_(4; 344),avg_(4; 371),avg_(4; 534),avg_(5; 316),avg_(5; 318),avg_(6; 403),avg_(6; 407),avg_(7; 480),avg_(7; 470),avg_(7; 424),avg_(7; 445),avg_(7; 466),avg_(7; 475),avg_(8; 0),avg_(8; 288),avg_(8; 315),avg_(9; 557),avg_(9; 573),avg_(9; 609),avg_(9; 567),avg_(10; 0),avg_(10; 583),avg_(10; 589),avg_(10; 596),avg_(11; 401),avg_(11; 410),avg_(12; 498),avg_(12; 443),avg_(12; 457),avg_(12; 451),avg_(13; 723),avg_(13; 696),avg_(13; 0),avg_(14; 372),avg_(14; 374),avg_(14; 448),avg_(14; 413),avg_(15; 531),avg_(15; 556),avg_(15; 532),avg_(15; 478),avg_(15; 482),avg_(17; 780),avg_(17; 82),avg_(18; 422),avg_(18; 430),avg_(18; 428),avg_(18; 460),avg_(19; 497),avg_(19; 501),avg_(19; 521),avg_(0; 231),avg_(1; 577),avg_(2; 351),avg_(4; 510),avg_(6; 373),avg_(6; 378),avg_(7; 478),avg_(9; 654),avg_(9; 656),avg_(9; 621),avg_(11; 450),avg_(12; 453),avg_(12; 454),avg_(12; 513),avg_(12; 484),avg_(13; 728),avg_(13; 698),avg_(14; 452),avg_(14; 424),avg_(14; 453),avg_(17; 790),avg_(18; 467),avg_(19; 500),avg_(7; 442),avg_(7; 425),avg_(9; 558),avg_(10; 536),avg_(10; 568),avg_(11; 448),avg_(13; 714),avg_(13; 5),avg_(13; 693),avg_(13; 732),avg_(13; 2),avg_(13; 692),(0; 0; 0),(0; 0; 273),(0; 273; 0),(0; 273; 273),(1; 0; 0),(1; 613; 0),(1; 623; 0),(1; 0; 613),(1; 613; 613),(1; 623; 613),(1; 0; 623),(1; 613; 623),(1; 623; 623),(2; 0; 0),(2; 294; 0),(2; 295; 0),(2; 319; 0),(2; 0; 294),(2; 294; 294),(2; 295; 294),(2; 319; 294),(2; 0; 295),(2; 294; 295),(2; 295; 295),(2; 319; 295),(2; 0; 319),(2; 294; 319),(2; 295; 319),(2; 319; 319),(3; 0; 0),(4; 0; 0),(4; 338; 0),(4; 344; 0),(4; 0; 338),(4; 338; 338),(4; 344; 338),(4; 0; 344),(4; 338; 344),(4; 344; 344),(4; 0; 457),(4; 0; 459),(4; 457; 0),(4; 459; 0),(4; 457; 457),(4; 459; 457),(4; 457; 459),(4; 459; 459),(5; 0; 0),(6; 0; 0),(7; 0; 0),(7; 424; 0),(7; 0; 424),(7; 424; 424),(7; 0; 442),(7; 424; 442),(7; 442; 0),(7; 442; 424),(7; 442; 442),(7; 0; 465),(7; 424; 465),(7; 442; 465),(7; 0; 478),(7; 424; 478),(7; 442; 478),(7; 465; 0),(7; 478; 0),(7; 465; 465),(7; 478; 465),(7; 465; 478),(7; 478; 478),(7; 0; 425),(7; 425; 0),(7; 425; 465),(7; 0; 467),(7; 424; 467),(7; 425; 467),(7; 467; 0),(8; 0; 0),(9; 0; 0),(9; 557; 0),(9; 573; 0),(9; 0; 557),(9; 557; 557),(9; 573; 557),(9; 0; 573),(9; 557; 573),(9; 573; 573),(9; 0; 619),(9; 557; 619),(9; 573; 619),(9; 0; 621),(9; 557; 621),(9; 573; 621),(9; 619; 0),(9; 621; 0),(9; 619; 619),(9; 621; 619),(9; 619; 621),(9; 621; 621),(9; 619; 557),(9; 621; 557),(9; 0; 567),(9; 619; 567),(9; 621; 567),(9; 619; 573),(9; 621; 573),(9; 567; 0),(9; 567; 557),(9; 557; 567),(9; 567; 567),(9; 573; 567),(9; 567; 573),(9; 0; 558),(9; 557; 558),(9; 567; 558),(9; 573; 558),(9; 558; 0),(9; 558; 557),(9; 558; 558),(10; 0; 0),(10; 536; 0),(10; 568; 0),(10; 0; 536),(10; 536; 536),(10; 568; 536),(10; 0; 568),(10; 536; 568),(10; 568; 568),(11; 0; 0),(11; 0; 434),(11; 0; 448),(11; 0; 451),(11; 434; 0),(11; 448; 0),(11; 451; 0),(11; 434; 434),(11; 448; 434),(11; 451; 434),(11; 0; 401),(11; 0; 410),(11; 401; 0),(11; 410; 0),(11; 401; 401),(11; 410; 401),(11; 401; 410),(11; 410; 410),(12; 0; 0),(12; 0; 483),(12; 0; 513),(12; 483; 0),(12; 513; 0),(12; 483; 483),(12; 513; 483),(12; 483; 513),(12; 513; 513),(12; 0; 443),(12; 483; 443),(12; 513; 443),(12; 0; 457),(12; 483; 457),(12; 513; 457),(12; 443; 0),(12; 457; 0),(12; 443; 443),(12; 457; 443),(12; 443; 457),(12; 457; 457),(13; 18; 18),(13; 18; 691),(13; 18; 714),(13; 691; 18),(13; 714; 18),(13; 691; 691),(13; 714; 691),(13; 691; 714),(13; 714; 714),(13; 18; 723),(13; 691; 723),(13; 714; 723),(13; 18; 0),(13; 0; 0),(13; 0; 18),(13; 18; 5),(13; 5; 18),(13; 693; 18),(13; 693; 691),(13; 18; 693),(13; 691; 693),(13; 693; 693),(13; 18; 696),(13; 696; 18),(13; 696; 691),(13; 18; 732),(13; 691; 732),(13; 696; 732),(13; 732; 18),(13; 732; 691),(13; 732; 732),(13; 18; 700),(13; 691; 700),(13; 732; 700),(13; 0; 691),(13; 0; 732),(13; 691; 696),(13; 700; 18),(13; 700; 691),(13; 696; 696),(13; 700; 696),(13; 696; 700),(13; 700; 700),(13; 700; 732),(13; 732; 723),(13; 723; 18),(13; 723; 691),(13; 723; 696),(13; 2; 0),(13; 0; 2),(13; 2; 2),(13; 18; 2),(13; 692; 18),(13; 692; 691),(13; 18; 692),(13; 691; 692),(13; 692; 692),(13; 18; 698),(13; 698; 18),(13; 698; 691),(13; 691; 698),(13; 698; 698),score,wrong
0,0,0,0,0,0,0,0,0,0,0,0,0,0,0,0,0,0,0,0,0,0,0,0,0,0,0,0,0,0,0,0,0,0,0,0,0,0,0,0,0,0,0,0,0,0,0,0,0,0,0,0,0,0,0,0,0,0,0,0,0,0,0,0,0,0,0,0,0,0,0,0,0,0,0,0,0,0,0,0,0,0,0,0,0,0,0,0,0,0,0,0,0,0,0,0,0,0,0,0,0,0,0,0,0,0,0,0,0,0,0,0,0,0,0,0,0,0,0,0,0,0,0,0,0,0,0,0,0,0,0,0,0,0,0,0,0,0,0,0,0,0,0,0,0,0,0,0,0,0,0,0,0,0,0,0,0,0,0,0,0,0,0,0,0,0,0,0,0,0,0,0,0,0,0,0,0,0,0,0,0,0,0,0,0,0,0,0,0,0,0,0,0,0,0,0,0,0,0,0,0,0,0,0,0,0,0,0,0,0,0,0,0,0,0,0,0,0,0,0,0,0,0,0,0,0,0,0,0,0,0,0,0,0,0,0,0,0,0,0,0,0,0,0,0,0,0,0,0,0,0,0,0,0,0,0,0,0,0,0,0,0,0,0,0,0,0,0,0,0,0,0,0,0,0,0,0,0,0,0,0,0,0,0,0,0,0,0,0,0,0,0,0,0,0,0,0,0,0,0,0,0,0,0,0,0,0,0,0,0,0,0,0,0,0,0,0,0,0,0,0,0,0,0,0,0,0,0.0,0.0,0.0,0.0,0.0,0.0,0.0,0.0,0.0,0.0,0.0,0.0,0.0,0.0,0.0,0.0,0.0,0.0,0.0,0.0,0.0,0.0,0.0,0.0,0.0,0.0,0.0,0.0,0.0,0.0,0.0,0.0,0.0,0.0,0.0,0.0,0.0,0.0,0.0,0.0,0.0,0.0,0.0,0.0,0.0,0.0,0.0,0.0,0.0,0.0,0.0,0.0,0.0,0.0,0.0,0.0,0.0,0.0,0.0,0.0,0.0,0.0,0.0,0.0,0.0,0.0,0.0,0.0,0.0,0.0,0.0,0.0,0.0,0.0,0.0,0.0,0.0,0.0,0.0,0.0,0.0,0.0,0.0,0.0,0.0,0.0,0.0,0.0,0.0,0.0,0.0,0.0,0.0,0.0,0.0,0.0,0.0,0.0,0.0,0.0,0.0,0.0,0.0,0.0,0.0,0.0,0.0,0.0,0.0,0.0,0.0,0.0,0.0,0.0,0.0,0.0,0.0,0.0,0.0,0.0,0.0,0.0,0.0,0.0,0.0,0.0,0.0,0.0,0.0,0.0,0.0,0.0,0.0,0.0,0.0,0.0,0.0,0.0,0.0,0.0,0.0,0.0,0.0,0.0,0.0,0.0,0.0,0.0,0.0,0.0,0.0,0.0,0.0,0.0,0.0,0.0,0.0,0.0,0.0,0.0,0.0,0.0,0.0,0,0,0,0,0,0,0,0,0,0,0,0,0,0,0,0,0,0,0,0,0,0,0,0,0,0,0,0,0,0,0,0,0,0,0,0,0,0,0,0,0,0,0,0,0,0,0,0,0,0,0,0,0,0,0,0,0,0,0,0,0,0,0,0,0,0,0,0,0,0,0,0,0,0,0,0,0,0,0,0,0,0,0,0,0,0,0,0,0,0,0,0,0,0,0,0,0,0,0,0,0,0,0,0,0,0,0,0,0,0,0,0,0,0,0,0,0,0,0,0,0,0,0,0,0,0,0,0,0,0,0,0,0,0,0,0,0,0,0,0,0,0,0,0,0,0,0,0,0,0,0,0,0,0,0,0,0,0,0,0,0,0,0,0,0,0,0,0,0,0,0,0,0,0,0,0,0,0,0,0,0,0,0,0,0,0,0,0,0,0,0,0,0,0,0,0,0,0,0,0,0,0,0,0,0,0,0,0,0,0,0,0,0,0,0,0,0,0,0,0,0,0,0,0,0,0,0,0,0,False,True
1,0,0,0,0,0,0,0,0,0,0,0,0,0,0,0,0,0,0,0,0,0,0,0,0,0,0,0,0,0,0,0,0,0,0,0,0,0,0,0,0,0,0,0,0,0,0,0,0,0,0,0,0,0,0,0,0,0,0,0,0,0,0,0,0,0,0,0,0,0,0,0,0,0,0,0,0,0,0,0,0,0,0,0,0,0,0,0,0,0,0,0,0,0,0,0,0,0,0,0,0,0,0,0,0,0,0,0,0,0,0,0,0,0,0,0,0,0,0,0,0,0,0,0,0,0,0,0,0,0,0,0,0,0,0,0,0,0,0,0,0,0,0,0,0,0,0,0,0,0,0,0,0,0,0,0,0,0,0,0,0,0,0,0,0,0,0,0,0,0,0,0,0,0,0,0,0,0,0,0,0,0,0,0,0,0,0,0,0,0,0,0,0,0,0,0,0,0,0,0,0,0,0,0,0,0,0,0,0,0,0,0,0,0,0,0,0,0,0,0,0,0,0,0,0,0,0,0,0,0,0,0,0,0,0,0,0,0,0,0,0,0,0,0,0,0,0,0,0,0,0,0,0,0,0,0,0,0,0,0,0,0,0,0,0,0,0,0,0,0,0,0,0,0,0,0,0,0,0,0,0,0,0,0,0,0,0,0,0,0,0,0,0,0,0,0,0,0,0,0,0,0,0,0,0,0,0,0,0,0,0,0,0,0,0,0,0,0,0,0,0,0,0,0,0,0,0,0.0,0.0,0.0,0.0,0.0,0.0,0.0,0.0,0.0,0.0,0.0,0.0,0.0,0.0,0.0,0.0,0.0,0.0,0.0,0.0,0.0,0.0,0.0,0.0,0.0,0.0,0.0,0.0,0.0,0.0,0.0,0.0,0.0,0.0,0.0,0.0,0.0,0.0,0.0,0.0,0.0,0.0,0.0,0.0,0.0,0.0,0.0,0.0,0.0,0.0,0.0,0.0,0.0,0.0,0.0,0.0,0.0,0.0,0.0,0.0,0.0,0.0,0.0,0.0,0.0,0.0,0.0,0.0,0.0,0.0,0.0,0.0,0.0,0.0,0.0,0.0,0.0,0.0,0.0,0.0,0.0,0.0,0.0,0.0,0.0,0.0,0.0,0.0,0.0,0.0,0.0,0.0,0.0,0.0,0.0,0.0,0.0,0.0,0.0,0.0,0.0,0.0,0.0,0.0,0.0,0.0,0.0,0.0,0.0,0.0,0.0,0.0,0.0,0.0,0.0,0.0,0.0,0.0,0.0,0.0,0.0,0.0,0.0,0.0,0.0,0.0,0.0,0.0,0.0,0.0,0.0,0.0,0.0,0.0,0.0,0.0,0.0,0.0,0.0,0.0,0.0,0.0,0.0,0.0,0.0,0.0,0.0,0.0,0.0,0.0,0.0,0.0,0.0,0.0,0.0,0.0,0.0,0.0,0.0,0.0,0.0,0.0,0.0,0,0,0,0,0,0,0,0,0,0,0,0,0,0,0,0,0,0,0,0,0,0,0,0,0,0,0,0,0,0,0,0,0,0,0,0,0,0,0,0,0,0,0,0,0,0,0,0,0,0,0,0,0,0,0,0,0,0,0,0,0,0,0,0,0,0,0,0,0,0,0,0,0,0,0,0,0,0,0,0,0,0,0,0,0,0,0,0,0,0,0,0,0,0,0,0,0,0,0,0,0,0,0,0,0,0,0,0,0,0,0,0,0,0,0,0,0,0,0,0,0,0,0,0,0,0,0,0,0,0,0,0,0,0,0,0,0,0,0,0,0,0,0,0,0,0,0,0,0,0,0,0,0,0,0,0,0,0,0,0,0,0,0,0,0,0,0,0,0,0,0,0,0,0,0,0,0,0,0,0,0,0,0,0,0,0,0,0,0,0,0,0,0,0,0,0,0,0,0,0,0,0,0,0,0,0,0,0,0,0,0,0,0,0,0,0,0,0,0,0,0,0,0,0,0,0,0,0,0,False,False
2,0,0,0,0,0,0,0,0,0,0,0,0,0,0,0,0,0,0,0,0,0,0,0,0,0,0,0,0,0,0,0,0,0,0,0,0,0,0,0,0,0,0,0,0,0,0,0,0,0,0,0,0,0,0,0,0,0,0,0,0,0,0,0,0,0,0,0,0,0,0,0,0,0,0,0,0,0,0,0,0,0,0,0,0,0,0,0,0,0,0,0,0,0,0,0,0,0,0,0,0,0,0,0,0,0,0,0,0,0,0,0,0,0,0,0,0,0,0,0,0,0,0,0,0,0,0,0,0,0,0,0,0,0,0,0,0,0,0,0,0,0,0,0,0,0,0,0,0,0,0,0,0,0,0,0,0,0,0,0,0,0,0,0,0,0,0,0,0,0,0,0,0,0,0,0,0,0,0,0,0,0,0,0,0,0,0,0,0,0,0,0,0,0,0,0,0,0,0,0,0,0,0,0,0,0,0,0,0,0,0,0,0,0,0,0,0,0,0,0,0,0,0,0,0,0,0,0,0,0,0,0,0,0,0,0,0,0,0,0,0,0,0,0,0,0,0,0,0,0,0,0,0,0,0,0,0,0,0,0,0,0,0,0,0,0,0,0,0,0,0,0,0,0,0,0,0,0,0,0,0,0,0,0,0,0,0,0,0,0,0,0,0,0,0,0,0,0,0,0,0,0,0,0,0,0,0,0,0,0,0,0,0,0,0,0,0,0,0,0,0,0,0,0,0,0,0,0.0,0.0,0.0,0.0,0.0,0.0,0.0,0.0,0.0,0.0,0.0,0.0,0.0,0.0,0.0,0.0,0.0,0.0,0.0,0.0,0.0,0.0,0.0,0.0,0.0,0.0,0.0,0.0,0.0,0.0,0.0,0.0,0.0,0.0,0.0,0.0,0.0,0.0,0.0,0.0,0.0,0.0,0.0,0.0,0.0,0.0,0.0,0.0,0.0,0.0,0.0,0.0,0.0,0.0,0.0,0.0,0.0,0.0,0.0,0.0,0.0,0.0,0.0,0.0,0.0,0.0,0.0,0.0,0.0,0.0,0.0,0.0,0.0,0.0,0.0,0.0,0.0,0.0,0.0,0.0,0.0,0.0,0.0,0.0,0.0,0.0,0.0,0.0,0.0,0.0,0.0,0.0,0.0,0.0,0.0,0.0,0.0,0.0,0.0,0.0,0.0,0.0,0.0,0.0,0.0,0.0,0.0,0.0,0.0,0.0,0.0,0.0,0.0,0.0,0.0,0.0,0.0,0.0,0.0,0.0,0.0,0.0,0.0,0.0,0.0,0.0,0.0,0.0,0.0,0.0,0.0,0.0,0.0,0.0,0.0,0.0,0.0,0.0,0.0,0.0,0.0,0.0,0.0,0.0,0.0,0.0,0.0,0.0,0.0,0.0,0.0,0.0,0.0,0.0,0.0,0.0,0.0,0.0,0.0,0.0,0.0,0.0,0.0,0,0,0,0,0,0,0,0,0,0,0,0,0,0,0,0,0,0,0,0,0,0,0,0,0,0,0,0,0,0,0,0,0,0,0,0,0,0,0,0,0,0,0,0,0,0,0,0,0,0,0,0,0,0,0,0,0,0,0,0,0,0,0,0,0,0,0,0,0,0,0,0,0,0,0,0,0,0,0,0,0,0,0,0,0,0,0,0,0,0,0,0,0,0,0,0,0,0,0,0,0,0,0,0,0,0,0,0,0,0,0,0,0,0,0,0,0,0,0,0,0,0,0,0,0,0,0,0,0,0,0,0,0,0,0,0,0,0,0,0,0,0,0,0,0,0,0,0,0,0,0,0,0,0,0,0,0,0,0,0,0,0,0,0,0,0,0,0,0,0,0,0,0,0,0,0,0,0,0,0,0,0,0,0,0,0,0,0,0,0,0,0,0,0,0,0,0,0,0,0,0,0,0,0,0,0,0,0,0,0,0,0,0,0,0,0,0,0,0,0,0,0,0,0,0,0,0,0,0,True,True
3,0,0,0,0,0,0,0,0,0,0,0,0,0,0,0,0,0,0,0,0,0,0,0,0,0,0,0,0,0,0,0,0,0,0,0,0,0,0,0,0,0,0,0,0,0,0,0,0,0,0,0,0,0,0,0,0,0,0,0,0,0,0,0,0,0,0,0,0,0,0,0,0,0,0,0,0,0,0,0,0,0,0,0,0,0,0,0,0,0,0,0,0,0,0,0,0,0,0,0,0,0,0,0,0,0,0,0,0,0,0,0,0,0,0,0,0,0,0,0,0,0,0,0,0,0,0,0,0,0,0,0,0,0,0,0,0,0,0,0,0,0,0,0,0,0,0,0,0,0,0,0,0,0,0,0,0,0,0,0,0,0,0,0,0,0,0,0,0,0,0,0,0,0,0,0,0,0,0,0,0,0,0,0,0,0,0,0,0,0,0,0,0,0,0,0,0,0,0,0,0,0,0,0,0,0,0,0,0,0,0,0,0,0,0,0,0,0,0,0,0,0,0,0,0,0,0,0,0,0,0,0,0,0,0,0,0,0,0,0,0,0,0,0,0,0,0,0,0,0,0,0,0,0,0,0,0,0,0,0,0,0,0,0,0,0,0,0,0,0,0,0,0,0,0,0,0,0,0,0,0,0,0,0,0,0,0,0,0,0,0,0,0,0,0,0,0,0,0,0,0,0,0,0,0,0,0,0,0,0,0,0,0,0,0,0,0,0,0,0,0,0,0,0,0,0,0,0.0,0.0,0.0,0.0,0.0,0.0,0.0,0.0,0.0,0.0,0.0,0.0,0.0,0.0,0.0,0.0,0.0,0.0,0.0,0.0,0.0,0.0,0.0,0.0,0.0,0.0,0.0,0.0,0.0,0.0,0.0,0.0,0.0,0.0,0.0,0.0,0.0,0.0,0.0,0.0,0.0,0.0,0.0,0.0,0.0,0.0,0.0,0.0,0.0,0.0,0.0,0.0,0.0,0.0,0.0,0.0,0.0,0.0,0.0,0.0,0.0,0.0,0.0,0.0,0.0,0.0,0.0,0.0,0.0,0.0,0.0,0.0,0.0,0.0,0.0,0.0,0.0,0.0,0.0,0.0,0.0,0.0,0.0,0.0,0.0,0.0,0.0,0.0,0.0,0.0,0.0,0.0,0.0,0.0,0.0,0.0,0.0,0.0,0.0,0.0,0.0,0.0,0.0,0.0,0.0,0.0,0.0,0.0,0.0,0.0,0.0,0.0,0.0,0.0,0.0,0.0,0.0,0.0,0.0,0.0,0.0,0.0,0.0,0.0,0.0,0.0,0.0,0.0,0.0,0.0,0.0,0.0,0.0,0.0,0.0,0.0,0.0,0.0,0.0,0.0,0.0,0.0,0.0,0.0,0.0,0.0,0.0,0.0,0.0,0.0,0.0,0.0,0.0,0.0,0.0,0.0,0.0,0.0,0.0,0.0,0.0,0.0,0.0,0,0,0,0,0,0,0,0,0,0,0,0,0,0,0,0,0,0,0,0,0,0,0,0,0,0,0,0,0,0,0,0,0,0,0,0,0,0,0,0,0,0,0,0,0,0,0,0,0,0,0,0,0,0,0,0,0,0,0,0,0,0,0,0,0,0,0,0,0,0,0,0,0,0,0,0,0,0,0,0,0,0,0,0,0,0,0,0,0,0,0,0,0,0,0,0,0,0,0,0,0,0,0,0,0,0,0,0,0,0,0,0,0,0,0,0,0,0,0,0,0,0,0,0,0,0,0,0,0,0,0,0,0,0,0,0,0,0,0,0,0,0,0,0,0,0,0,0,0,0,0,0,0,0,0,0,0,0,0,0,0,0,0,0,0,0,0,0,0,0,0,0,0,0,0,0,0,0,0,0,0,0,0,0,0,0,0,0,0,0,0,0,0,0,0,0,0,0,0,0,0,0,0,0,0,0,0,0,0,0,0,0,0,0,0,0,0,0,0,0,0,0,0,0,0,0,0,0,0,False,False
4,7.39999999999998,2.4999999999999925,3.1888888888888838,2.7999999999999963,0.07777777777777738,0.3111111111111095,1.3666666666666643,0.27777777777777374,3.2111111111111095,1.4666666666666788,0.3666666666666715,0.377777777777781,9.855555555555556,3.255555555555555,0.0888888888888905,1.2000000000000073,0.4222222222222263,3.1666666666666647,8.377777777777736,3.2999999999999643,0.9555555555555547,0.46666666666666423,1.2555555555555549,0.455555555555511,0.522222222222219,1.1666666666666714,0.7555555555555693,0.7555555555555693,0.7555555555555693,0.48888888888889764,0.177777777777781,0.13333333333333575,0.04444444444444525,0.04444444444444525,0.9777777777777957,0.5777777777777882,0.5777777777777882,1.2000000000000217,0.8888888888889052,0.8888888888889052,0.4000000000000072,0.4000000000000072,0.177777777777781,0.177777777777781,0.13333333333333575,0.5777777777777882,0.3111111111111167,0.3111111111111167,0.22222222222222626,0.04444444444444525,0.04444444444444525,1.0666666666666862,0.0888888888888905,0.04444444444444525,0.04444444444444525,1.1111111111111314,1.0666666666666862,0.5333333333333429,0.2666666666666715,0.22222222222222626,0.48888888888889764,0.04444444444444525,0.4444444444444524,0.0888888888888905,0.0888888888888905,0.04444444444444525,0.48888888888889764,0,0,0,0,0,0,0,0,0,0,0,0,0,0,0,0,0,0,0,0,0,0,0,0,0,0,0,0,0,0,0,0,0,0,0,0,0,0,0,0,0,0,0,0,0,0,0,0,0,0,0,0,0,0,0,0,0,0,0,0,0,0,0,0,0,0,0,0,0,0,0,0,0,0,0,0,0,0,0,0,0,0,0,0,0,0,0,0,0,0,0,0,0,0,0,0,16,3,8,3,1,4,1,1,9,3,1,1,32,7,1,5,3,6,28,19,5,3,4,7,1,3,17,17,17,11,4,3,1,1,22,13,13,27,20,20,9,9,4,4,3,13,7,7,5,1,1,24,2,1,1,25,24,12,6,5,11,1,10,2,2,1,11,0,0,0,0,0,0,0,0,0,0,0,0,0,0,0,0,0,0,0,0,0,0,0,0,0,0,0,0,0,0,0,0,0,0,0,0,0,0,0,0,0,0,0,0,0,0,0,0,0,0,0,0,0,0,0,0,0,0,0,0,0,0,0,0,0,0,0,0,0,0,0,0,0,0,0,0,0,0,0,0,0,0,0,0,0,0,0,0,0,0,0,0,0,0,0,0,0.46249999999999875,0.8333333333333308,0.39861111111111047,0.9333333333333321,0.07777777777777738,0.07777777777777738,1.3666666666666643,0.27777777777777374,0.35679012345678995,0.4888888888888929,0.3666666666666715,0.377777777777781,0.3079861111111111,0.46507936507936504,0.0888888888888905,0.24000000000000146,0.14074074074074208,0.5277777777777775,0.2992063492063477,0.17368421052631391,0.19111111111111095,0.15555555555555475,0.3138888888888887,0.06507936507935871,0.522222222222219,0.38888888888889045,0.04444444444444525,0.04444444444444525,0.04444444444444525,0.04444444444444524,0.04444444444444525,0.04444444444444525,0.04444444444444525,0.04444444444444525,0.04444444444444526,0.044444444444445244,0.044444444444445244,0.04444444444444525,0.04444444444444526,0.04444444444444526,0.044444444444445244,0.044444444444445244,0.04444444444444525,0.04444444444444525,0.04444444444444525,0.044444444444445244,0.044444444444445244,0.044444444444445244,0.04444444444444525,0.04444444444444525,0.04444444444444525,0.04444444444444526,0.04444444444444525,0.04444444444444525,0.04444444444444525,0.04444444444444526,0.04444444444444526,0.04444444444444524,0.04444444444444525,0.04444444444444525,0.04444444444444524,0.04444444444444525,0.044444444444445244,0.04444444444444525,0.04444444444444525,0.04444444444444525,0.04444444444444524,0.0,0.0,0.0,0.0,0.0,0.0,0.0,0.0,0.0,0.0,0.0,0.0,0.0,0.0,0.0,0.0,0.0,0.0,0.0,0.0,0.0,0.0,0.0,0.0,0.0,0.0,0.0,0.0,0.0,0.0,0.0,0.0,0.0,0.0,0.0,0.0,0.0,0.0,0.0,0.0,0.0,0.0,0.0,0.0,0.0,0.0,0.0,0.0,0.0,0.0,0.0,0.0,0.0,0.0,0.0,0.0,0.0,0.0,0.0,0.0,0.0,0.0,0.0,0.0,0.0,0.0,0.0,0.0,0.0,0.0,0.0,0.0,0.0,0.0,0.0,0.0,0.0,0.0,0.0,0.0,0.0,0.0,0.0,0.0,0.0,0.0,0.0,0.0,0.0,0.0,0.0,0.0,0.0,0.0,0.0,0.0,14,8,8,7,6,2,1,2,1,0,1,1,0,29,6,0,5,6,4,0,4,0,0,0,0,6,4,0,4,27,16,0,0,0,0,0,0,0,0,16,16,16,16,16,16,16,16,10,0,21,0,0,0,0,0,0,0,0,13,0,0,0,0,0,12,0,12,0,0,0,0,0,0,13,0,0,12,0,25,0,0,0,0,0,0,0,0,19,0,0,0,0,0,19,0,19,0,0,0,0,0,0,0,0,0,0,0,0,0,0,0,0,0,0,0,0,0,0,0,0,0,0,0,0,0,0,0,0,8,8,0,3,8,0,4,8,0,4,0,0,0,0,0,0,0,0,12,7,0,6,0,6,0,0,0,0,0,0,0,0,0,0,0,0,0,0,0,4,1,0,0,0,0,0,0,0,0,0,0,0,0,0,0,0,0,0,0,0,0,0,0,0,0,0,0,0,0,0,1,0,0,0,0,0,0,0,0,0,0,0,0,0,0,0,0,0,0,0,0,0,0,0,0,0,0,0,0,0,0,True,True
5,0,0,0,0,0,0,0,0,0,0,0,0,0,0,0,0,0,0,0,0,0,0,0,0,0,0,0,0,0,0,0,0,0,0,0,0,0,0,0,0,0,0,0,0,0,0,0,0,0,0,0,0,0,0,0,0,0,0,0,0,0,0,0,0,0,0,0,0,0,0,0,0,0,0,0,0,0,0,0,0,0,0,0,0,0,0,0,0,0,0,0,0,0,0,0,0,0,0,0,0,0,0,0,0,0,0,0,0,0,0,0,0,0,0,0,0,0,0,0,0,0,0,0,0,0,0,0,0,0,0,0,0,0,0,0,0,0,0,0,0,0,0,0,0,0,0,0,0,0,0,0,0,0,0,0,0,0,0,0,0,0,0,0,0,0,0,0,0,0,0,0,0,0,0,0,0,0,0,0,0,0,0,0,0,0,0,0,0,0,0,0,0,0,0,0,0,0,0,0,0,0,0,0,0,0,0,0,0,0,0,0,0,0,0,0,0,0,0,0,0,0,0,0,0,0,0,0,0,0,0,0,0,0,0,0,0,0,0,0,0,0,0,0,0,0,0,0,0,0,0,0,0,0,0,0,0,0,0,0,0,0,0,0,0,0,0,0,0,0,0,0,0,0,0,0,0,0,0,0,0,0,0,0,0,0,0,0,0,0,0,0,0,0,0,0,0,0,0,0,0,0,0,0,0,0,0,0,0,0,0,0,0,0,0,0,0,0,0,0,0,0,0,0,0,0,0,0.0,0.0,0.0,0.0,0.0,0.0,0.0,0.0,0.0,0.0,0.0,0.0,0.0,0.0,0.0,0.0,0.0,0.0,0.0,0.0,0.0,0.0,0.0,0.0,0.0,0.0,0.0,0.0,0.0,0.0,0.0,0.0,0.0,0.0,0.0,0.0,0.0,0.0,0.0,0.0,0.0,0.0,0.0,0.0,0.0,0.0,0.0,0.0,0.0,0.0,0.0,0.0,0.0,0.0,0.0,0.0,0.0,0.0,0.0,0.0,0.0,0.0,0.0,0.0,0.0,0.0,0.0,0.0,0.0,0.0,0.0,0.0,0.0,0.0,0.0,0.0,0.0,0.0,0.0,0.0,0.0,0.0,0.0,0.0,0.0,0.0,0.0,0.0,0.0,0.0,0.0,0.0,0.0,0.0,0.0,0.0,0.0,0.0,0.0,0.0,0.0,0.0,0.0,0.0,0.0,0.0,0.0,0.0,0.0,0.0,0.0,0.0,0.0,0.0,0.0,0.0,0.0,0.0,0.0,0.0,0.0,0.0,0.0,0.0,0.0,0.0,0.0,0.0,0.0,0.0,0.0,0.0,0.0,0.0,0.0,0.0,0.0,0.0,0.0,0.0,0.0,0.0,0.0,0.0,0.0,0.0,0.0,0.0,0.0,0.0,0.0,0.0,0.0,0.0,0.0,0.0,0.0,0.0,0.0,0.0,0.0,0.0,0.0,0,0,0,0,0,0,0,0,0,0,0,0,0,0,0,0,0,0,0,0,0,0,0,0,0,0,0,0,0,0,0,0,0,0,0,0,0,0,0,0,0,0,0,0,0,0,0,0,0,0,0,0,0,0,0,0,0,0,0,0,0,0,0,0,0,0,0,0,0,0,0,0,0,0,0,0,0,0,0,0,0,0,0,0,0,0,0,0,0,0,0,0,0,0,0,0,0,0,0,0,0,0,0,0,0,0,0,0,0,0,0,0,0,0,0,0,0,0,0,0,0,0,0,0,0,0,0,0,0,0,0,0,0,0,0,0,0,0,0,0,0,0,0,0,0,0,0,0,0,0,0,0,0,0,0,0,0,0,0,0,0,0,0,0,0,0,0,0,0,0,0,0,0,0,0,0,0,0,0,0,0,0,0,0,0,0,0,0,0,0,0,0,0,0,0,0,0,0,0,0,0,0,0,0,0,0,0,0,0,0,0,0,0,0,0,0,0,0,0,0,0,0,0,0,0,0,0,0,0,False,False
7,24.877777777777794,18.52222222222222,0.25555555555556203,0,0,0.25555555555556203,18.0,0.522222222222219,127.14444444446198,13.066666666669102,0,9.777777777779567,0,0,0,0,0,0,0,0,0,0,0,0,0,0,0,0,0,0,0,0,0,0,0,0,0,0,0,0,0,0,0,0,0,0,0,0,0,0,0,0,0,0,0,0,0,0,0,0,0,0,0,0,0,0,0,0.822222222222219,0.822222222222219,0.822222222222219,2.133333333333721,1.0222222222224078,0.1333333333333576,0,0,0,0,0,0,0,0,0,0,0,0,0,0,0,0,0,0,0,0,0,0,0,0,0,0,0,0,0,0,0,0,0,0,0,0,0,0,0,0,0,0,0,0,0,0,0,0,0,0,0,0,0,0,0,0,0,0,0,0,0,0,0,0,0,0,0,0,0,0,0,0,0,0,0,0,0,0,0,0,0,0,0,0,0,0,0,0,0,0,25,10,1,0,0,1,9,1,2559,294,0,220,0,0,0,0,0,0,0,0,0,0,0,0,0,0,0,0,0,0,0,0,0,0,0,0,0,0,0,0,0,0,0,0,0,0,0,0,0,0,0,0,0,0,0,0,0,0,0,0,0,0,0,0,0,0,0,2,2,2,48,23,3,0,0,0,0,0,0,0,0,0,0,0,0,0,0,0,0,0,0,0,0,0,0,0,0,0,0,0,0,0,0,0,0,0,0,0,0,0,0,0,0,0,0,0,0,0,0,0,0,0,0,0,0,0,0,0,0,0,0,0,0,0,0,0,0,0,0,0,0,0,0,0,0,0,0,0,0,0,0,0,0,0,0,0,0,0,0,0,0,0,0,0.9951111111111117,1.8522222222222218,0.25555555555556203,0.0,0.0,0.25555555555556203,2.0,0.522222222222219,0.04968520689506135,0.044444444444452724,0.0,0.04444444444445258,0.0,0.0,0.0,0.0,0.0,0.0,0.0,0.0,0.0,0.0,0.0,0.0,0.0,0.0,0.0,0.0,0.0,0.0,0.0,0.0,0.0,0.0,0.0,0.0,0.0,0.0,0.0,0.0,0.0,0.0,0.0,0.0,0.0,0.0,0.0,0.0,0.0,0.0,0.0,0.0,0.0,0.0,0.0,0.0,0.0,0.0,0.0,0.0,0.0,0.0,0.0,0.0,0.0,0.0,0.0,0.4111111111111095,0.4111111111111095,0.4111111111111095,0.04444444444445252,0.04444444444445251,0.04444444444445253,0.0,0.0,0.0,0.0,0.0,0.0,0.0,0.0,0.0,0.0,0.0,0.0,0.0,0.0,0.0,0.0,0.0,0.0,0.0,0.0,0.0,0.0,0.0,0.0,0.0,0.0,0.0,0.0,0.0,0.0,0.0,0.0,0.0,0.0,0.0,0.0,0.0,0.0,0.0,0.0,0.0,0.0,0.0,0.0,0.0,0.0,0.0,0.0,0.0,0.0,0.0,0.0,0.0,0.0,0.0,0.0,0.0,0.0,0.0,0.0,0.0,0.0,0.0,0.0,0.0,0.0,0.0,0.0,0.0,0.0,0.0,0.0,0.0,0.0,0.0,0.0,0.0,0.0,0.0,0.0,0.0,0.0,0.0,0.0,0.0,0.0,0.0,0.0,0.0,0.0,23,1,1,0,2392,289,216,292,271,201,218,205,198,0,0,0,0,0,0,0,0,0,0,0,0,0,0,0,0,0,0,0,0,0,0,0,0,0,0,0,0,0,0,0,0,0,0,0,0,0,0,0,0,0,0,0,0,0,0,0,0,0,0,0,0,0,0,0,0,0,0,0,0,0,0,0,0,0,0,0,0,0,0,0,0,0,0,0,0,0,0,0,0,0,0,0,0,0,0,0,0,0,0,0,0,0,0,0,0,0,0,0,0,0,0,0,0,0,0,0,0,0,0,0,0,0,0,0,0,0,0,0,0,0,0,0,0,0,0,0,0,0,0,0,0,0,0,0,0,0,0,0,0,0,0,0,0,0,0,0,0,0,0,0,0,0,0,0,0,0,0,0,0,0,0,0,0,0,0,0,0,0,0,0,0,0,0,0,0,0,0,0,0,0,0,0,0,0,0,0,0,0,0,0,0,0,0,0,0,0,0,0,0,0,0,0,0,0,0,0,0,0,0,0,0,0,0,0,0,False,False
8,0,0,0,0,0,0,0,0,0,0,0,0,0,0,0,0,0,0,0,0,0,0,0,0,0,0,0,0,0,0,0,0,0,0,0,0,0,0,0,0,0,0,0,0,0,0,0,0,0,0,0,0,0,0,0,0,0,0,0,0,0,0,0,0,0,0,0,0,0,0,0,0,0,0,0,0,0,0,0,0,0,0,0,0,0,0,0,0,0,0,0,0,0,0,0,0,0,0,0,0,0,0,0,0,0,0,0,0,0,0,0,0,0,0,0,0,0,0,0,0,0,0,0,0,0,0,0,0,0,0,0,0,0,0,0,0,0,0,0,0,0,0,0,0,0,0,0,0,0,0,0,0,0,0,0,0,0,0,0,0,0,0,0,0,0,0,0,0,0,0,0,0,0,0,0,0,0,0,0,0,0,0,0,0,0,0,0,0,0,0,0,0,0,0,0,0,0,0,0,0,0,0,0,0,0,0,0,0,0,0,0,0,0,0,0,0,0,0,0,0,0,0,0,0,0,0,0,0,0,0,0,0,0,0,0,0,0,0,0,0,0,0,0,0,0,0,0,0,0,0,0,0,0,0,0,0,0,0,0,0,0,0,0,0,0,0,0,0,0,0,0,0,0,0,0,0,0,0,0,0,0,0,0,0,0,0,0,0,0,0,0,0,0,0,0,0,0,0,0,0,0,0,0,0,0,0,0,0,0,0,0,0,0,0,0,0,0,0,0,0,0,0,0,0,0,0,0.0,0.0,0.0,0.0,0.0,0.0,0.0,0.0,0.0,0.0,0.0,0.0,0.0,0.0,0.0,0.0,0.0,0.0,0.0,0.0,0.0,0.0,0.0,0.0,0.0,0.0,0.0,0.0,0.0,0.0,0.0,0.0,0.0,0.0,0.0,0.0,0.0,0.0,0.0,0.0,0.0,0.0,0.0,0.0,0.0,0.0,0.0,0.0,0.0,0.0,0.0,0.0,0.0,0.0,0.0,0.0,0.0,0.0,0.0,0.0,0.0,0.0,0.0,0.0,0.0,0.0,0.0,0.0,0.0,0.0,0.0,0.0,0.0,0.0,0.0,0.0,0.0,0.0,0.0,0.0,0.0,0.0,0.0,0.0,0.0,0.0,0.0,0.0,0.0,0.0,0.0,0.0,0.0,0.0,0.0,0.0,0.0,0.0,0.0,0.0,0.0,0.0,0.0,0.0,0.0,0.0,0.0,0.0,0.0,0.0,0.0,0.0,0.0,0.0,0.0,0.0,0.0,0.0,0.0,0.0,0.0,0.0,0.0,0.0,0.0,0.0,0.0,0.0,0.0,0.0,0.0,0.0,0.0,0.0,0.0,0.0,0.0,0.0,0.0,0.0,0.0,0.0,0.0,0.0,0.0,0.0,0.0,0.0,0.0,0.0,0.0,0.0,0.0,0.0,0.0,0.0,0.0,0.0,0.0,0.0,0.0,0.0,0.0,0,0,0,0,0,0,0,0,0,0,0,0,0,0,0,0,0,0,0,0,0,0,0,0,0,0,0,0,0,0,0,0,0,0,0,0,0,0,0,0,0,0,0,0,0,0,0,0,0,0,0,0,0,0,0,0,0,0,0,0,0,0,0,0,0,0,0,0,0,0,0,0,0,0,0,0,0,0,0,0,0,0,0,0,0,0,0,0,0,0,0,0,0,0,0,0,0,0,0,0,0,0,0,0,0,0,0,0,0,0,0,0,0,0,0,0,0,0,0,0,0,0,0,0,0,0,0,0,0,0,0,0,0,0,0,0,0,0,0,0,0,0,0,0,0,0,0,0,0,0,0,0,0,0,0,0,0,0,0,0,0,0,0,0,0,0,0,0,0,0,0,0,0,0,0,0,0,0,0,0,0,0,0,0,0,0,0,0,0,0,0,0,0,0,0,0,0,0,0,0,0,0,0,0,0,0,0,0,0,0,0,0,0,0,0,0,0,0,0,0,0,0,0,0,0,0,0,0,0,False,True
9,67.34444444444448,3.844444444444436,0,0,0,0,1.7111111111111024,0,47.11111111111106,0.0888888888888905,0,0,118.23333333333335,31.466666666666566,0,25.822222222222276,25.822222222222276,12.833333333333298,26.02222222222219,0,0,0,20.633333333333358,0,0,0,18.655555555555445,3.866666666666657,1.1333333333333284,26.722222222221955,10.199999999999957,0,0,23.20000000000003,66.8777777777776,20.844444444444346,1.9555555555555475,94.37777777777761,0,0,41.37777777777748,3.888888888888876,0,0,3.888888888888876,24.211111111111162,2.8222222222222193,0,1.1555555555556203,0.8666666666667152,0,108.76666666666695,74.93333333333334,0,0,214.45555555555507,21.466666666666693,0,0,0,60.977777777777874,5.5555555555555625,45.000000000000284,2.566666666666686,0,0,21.888888888888985,21.42222222222219,21.42222222222219,21.42222222222219,0,0.0888888888888905,0,2.133333333333336,18.633333333333265,1.911111111111095,14.622222222222149,8.499999999999957,1.411111111111066,2.7333333333333285,3.1777777777777523,2.3333333333332558,22.866666666666703,3.2666666666666715,0.9555555555555475,11.82222222222216,1.9555555555555475,1.9555555555555475,5.866666666666642,0.20000000000001456,0.8666666666666716,0.8,0.8,89.41111111111091,67.42222222222216,31.13333333333331,21.98888888888881,17.733333333333356,12.466666666666685,9.066666666666686,3.4,21.28888888888876,21.28888888888876,1.9555555555555038,19.66666666666669,3.2777777777777812,16.388888888888907,0.5777777777778101,0.28888888888890507,7.588888888889021,4.43333333333346,2.600000000000029,3.133333333333314,1.8333333333334303,162.8222222222217,148.45555555555512,14.366666666666628,25.711111111111155,25.711111111111155,5.5555555555555625,27.866666666666628,25.944444444444645,0.877777777777781,25.066666666666865,1.7111111111111241,5.6555555555556225,2.322222222222248,3.333333333333373,0,0,0,0,0,0,0,0,0,0,0,0,0,0,0,0,0,0,0,0,0,0,0,0,0,0,0,0,0,0,0,0,0,0,0,38,12,0,0,0,0,11,0,20,1,0,0,54,20,0,14,14,7,19,0,0,0,8,0,0,0,33,4,1,40,9,0,0,8,52,18,1,69,0,0,35,3,0,0,3,16,7,0,4,3,0,32,12,0,0,53,14,0,0,0,37,2,26,3,0,0,26,8,8,8,0,1,0,1,13,2,26,11,7,3,10,6,7,1,7,8,1,1,3,3,2,1,1,62,43,15,19,13,6,4,2,7,7,4,6,1,5,2,1,17,9,4,3,5,34,31,3,13,13,2,4,13,1,12,2,13,1,12,0,0,0,0,0,0,0,0,0,0,0,0,0,0,0,0,0,0,0,0,0,0,0,0,0,0,0,0,0,0,0,0,0,0,0,1.772222222222223,0.3203703703703697,0.0,0.0,0.0,0.0,0.15555555555555475,0.0,2.355555555555553,0.0888888888888905,0.0,0.0,2.1895061728395064,1.5733333333333284,0.0,1.8444444444444483,1.8444444444444483,1.8333333333333284,1.3695906432748521,0.0,0.0,0.0,2.5791666666666697,0.0,0.0,0.0,0.565319865319862,0.9666666666666642,1.1333333333333284,0.6680555555555489,1.1333333333333284,0.0,0.0,2.900000000000004,1.2861111111111077,1.1580246913580192,1.9555555555555475,1.3677938808373566,0.0,0.0,1.1822222222222138,1.296296296296292,0.0,0.0,1.296296296296292,1.5131944444444476,0.40317460317460274,0.0,0.28888888888890507,0.28888888888890507,0.0,3.398958333333342,6.2444444444444445,0.0,0.0,4.046331236897266,1.5333333333333352,0.0,0.0,0.0,1.6480480480480506,2.7777777777777812,1.7307692307692417,0.855555555555562,0.0,0.0,0.8418803418803456,2.6777777777777736,2.6777777777777736,2.6777777777777736,0.0,0.0888888888888905,0.0,2.133333333333336,1.433333333333328,0.9555555555555475,0.5623931623931596,0.7727272727272688,0.20158730158729513,0.9111111111111095,0.3177777777777752,0.38888888888887596,3.266666666666672,3.2666666666666715,0.13650793650793536,1.47777777777777,1.9555555555555475,1.9555555555555475,1.9555555555555475,0.06666666666667152,0.4333333333333358,0.8,0.8,1.4421146953404986,1.567958656330748,2.075555555555554,1.1573099415204637,1.364102564102566,2.0777777777777806,2.2666666666666715,1.7,3.041269841269823,3.041269841269823,0.48888888888887594,3.2777777777777817,3.2777777777777812,3.2777777777777812,0.28888888888890507,0.28888888888890507,0.4464052287581777,0.4925925925926066,0.6500000000000072,1.044444444444438,0.36666666666668607,4.788888888888874,4.7888888888888745,4.788888888888876,1.9777777777777812,1.9777777777777812,2.7777777777777812,6.966666666666657,1.9957264957265113,0.877777777777781,2.0888888888889054,0.8555555555555621,0.4350427350427402,2.322222222222248,0.27777777777778107,0.0,0.0,0.0,0.0,0.0,0.0,0.0,0.0,0.0,0.0,0.0,0.0,0.0,0.0,0.0,0.0,0.0,0.0,0.0,0.0,0.0,0.0,0.0,0.0,0.0,0.0,0.0,0.0,0.0,0.0,0.0,0.0,0.0,0.0,0.0,35,0,0,0,18,0,0,1,0,0,0,0,0,52,20,13,7,20,18,11,7,13,12,11,1,7,6,0,6,18,29,24,9,24,23,9,10,10,8,3,0,2,0,2,0,0,0,38,6,51,1,1,0,0,0,0,0,0,18,1,0,0,0,0,18,0,14,0,0,0,0,0,0,1,0,0,1,0,66,61,42,60,60,41,41,41,40,0,0,0,0,0,0,0,0,0,0,0,0,0,0,19,0,0,0,0,19,19,19,18,1,1,0,0,0,0,0,0,0,11,0,0,0,0,0,0,0,0,34,2,0,0,3,0,0,1,0,0,7,7,7,7,6,6,6,6,12,6,0,6,0,5,0,0,0,5,0,0,0,0,0,6,1,5,1,0,0,2,2,0,1,0,1,0,0,0,1,0,0,1,16,0,0,0,0,0,0,0,0,1,0,0,0,0,0,0,0,0,0,0,0,0,0,1,0,0,0,0,0,0,0,0,1,1,1,0,0,0,0,0,0,0,0,0,0,0,0,0,0,False,False
10,0.24444444444445257,0.17777777777778103,0,0,0,0,0.14444444444444526,0,1.366666666666765,0.5000000000000364,0,0,0.5333333333333722,0.03333333333333576,0,0.03333333333333576,0.03333333333333576,0.03333333333333576,0.9000000000000656,0.3666666666666934,0,0,0.03333333333333576,0,0.03333333333333576,0,0.40000000000002917,0.3666666666666934,0.3666666666666934,0.7333333333333868,0.7333333333333868,0,0.03333333333333576,0.23333333333335035,0.6000000000000437,0.5333333333333722,0,0.6000000000000437,0.5000000000000364,0,1.2000000000000868,1.1333333333334155,0.3666666666666934,0.700000000000051,0,0.4666666666667007,0.40000000000002917,0.3666666666666934,1.566666666666779,1.5000000000001077,0,0.6666666666667153,0.6666666666667153,0,0,0.4666666666667007,1.5333333333334433,0.33333333333335763,0,0.03333333333333576,0.7666666666667226,0.7333333333333868,0.5333333333333722,0.43333333333336493,0,0,1.0666666666667441,0.06666666666667152,0,0,0,0,0,0,0,0,0.03333333333333576,0,0.03333333333333576,0,0,0,0.16666666666667881,0.16666666666667881,0.2666666666666861,0,0,0,0,0.23333333333335035,0.8333333333333941,0.8333333333333941,0.8333333333333941,0.10000000000000728,0.10000000000000728,0,0,0.06666666666667152,0.03333333333333576,0,0,0.06666666666667152,0,0,0.06666666666667152,0,0,0,0.23333333333335035,0,0,0,0,0,0.13333333333334305,0.13333333333334305,0,0,0,0.43333333333336493,0,0.10000000000000728,0.10000000000000728,0,0,0.03333333333333576,0,0,0.03333333333333576,0.06666666666667152,0.03333333333333576,0.3666666666666934,0.06666666666667152,0.06666666666667152,0.03333333333333576,0.16666666666667881,0.16666666666667881,0.33333333333335763,0.33333333333335763,0.06666666666667152,0.06666666666667152,0.03333333333333576,0.3666666666666934,1.266666666666758,0.23333333333335035,0.4666666666667007,0.16666666666667881,0.03333333333333576,0.30000000000002186,0.03333333333333576,0.03333333333333576,0,0,0,0,0,0,0,0,0,0,0,0,4,2,0,0,0,0,1,0,41,15,0,0,16,1,0,1,1,1,27,11,0,0,1,0,1,0,12,11,11,22,22,0,1,7,18,16,0,18,15,0,36,34,11,21,0,14,12,11,47,45,0,20,20,0,0,14,46,10,0,1,23,22,16,13,0,0,32,2,0,0,0,0,0,0,0,0,1,0,1,0,0,0,5,5,8,0,0,0,0,7,25,25,25,3,3,0,0,2,1,0,0,2,0,0,2,0,0,0,7,0,0,0,0,0,4,4,0,0,0,13,0,3,3,0,0,1,0,0,1,2,1,11,2,2,1,5,5,10,10,2,2,1,11,38,7,14,5,1,9,1,1,0,0,0,0,0,0,0,0,0,0,0,0,0.06111111111111314,0.08888888888889052,0.0,0.0,0.0,0.0,0.14444444444444526,0.0,0.033333333333335734,0.03333333333333576,0.0,0.0,0.03333333333333576,0.03333333333333576,0.0,0.03333333333333576,0.03333333333333576,0.03333333333333576,0.03333333333333576,0.03333333333333576,0.0,0.0,0.03333333333333576,0.0,0.03333333333333576,0.0,0.03333333333333576,0.03333333333333576,0.03333333333333576,0.03333333333333576,0.03333333333333576,0.0,0.03333333333333576,0.03333333333333576,0.03333333333333576,0.03333333333333576,0.0,0.03333333333333576,0.03333333333333576,0.0,0.03333333333333574,0.03333333333333575,0.03333333333333576,0.03333333333333576,0.0,0.03333333333333576,0.03333333333333576,0.03333333333333576,0.03333333333333573,0.03333333333333573,0.0,0.03333333333333576,0.03333333333333576,0.0,0.0,0.03333333333333576,0.03333333333333573,0.03333333333333576,0.0,0.03333333333333576,0.03333333333333576,0.03333333333333576,0.03333333333333576,0.03333333333333576,0.0,0.0,0.033333333333335755,0.03333333333333576,0.0,0.0,0.0,0.0,0.0,0.0,0.0,0.0,0.03333333333333576,0.0,0.03333333333333576,0.0,0.0,0.0,0.03333333333333576,0.03333333333333576,0.03333333333333576,0.0,0.0,0.0,0.0,0.03333333333333576,0.03333333333333576,0.03333333333333576,0.03333333333333576,0.03333333333333576,0.03333333333333576,0.0,0.0,0.03333333333333576,0.03333333333333576,0.0,0.0,0.03333333333333576,0.0,0.0,0.03333333333333576,0.0,0.0,0.0,0.03333333333333576,0.0,0.0,0.0,0.0,0.0,0.03333333333333576,0.03333333333333576,0.0,0.0,0.0,0.03333333333333576,0.0,0.03333333333333576,0.03333333333333576,0.0,0.0,0.03333333333333576,0.0,0.0,0.03333333333333576,0.03333333333333576,0.03333333333333576,0.03333333333333576,0.03333333333333576,0.03333333333333576,0.03333333333333576,0.03333333333333576,0.03333333333333576,0.03333333333333576,0.03333333333333576,0.03333333333333576,0.03333333333333576,0.03333333333333576,0.03333333333333576,0.03333333333333574,0.03333333333333576,0.03333333333333576,0.03333333333333576,0.03333333333333576,0.03333333333333576,0.03333333333333576,0.03333333333333576,0.0,0.0,0.0,0.0,0.0,0.0,0.0,0.0,0.0,0.0,0.0,0.0,2,0,0,0,37,14,0,14,13,0,0,0,0,14,0,0,0,1,0,0,0,0,0,0,0,1,0,0,0,25,11,0,0,1,0,0,0,0,0,10,10,11,11,10,10,10,10,21,5,16,0,0,0,0,0,0,0,0,15,0,0,1,0,0,16,1,15,1,1,0,0,0,0,0,0,0,0,24,16,1,1,3,1,1,3,1,1,13,0,0,9,0,0,15,10,13,9,9,9,2,1,0,0,0,2,1,0,0,0,0,0,0,0,0,0,0,0,0,0,0,0,0,0,0,0,0,0,0,34,32,0,20,34,0,21,32,0,20,2,0,0,0,0,0,0,0,12,11,0,12,1,11,1,0,0,1,1,0,0,0,0,0,0,0,0,0,0,45,44,0,45,0,44,0,0,0,0,0,0,0,0,0,0,0,0,0,0,0,0,7,7,6,0,0,0,0,0,0,0,0,0,0,0,7,0,0,6,0,0,0,0,0,0,0,0,0,0,0,0,0,0,0,0,0,7,7,6,7,6,False,True
11,9.977777777777765,0,4.0,0,0,0,0,0,5.888888888888883,3.911111111111102,0,3.911111111111102,5.755555555555534,5.755555555555534,0,0,0,5.344444444444425,6.311111111111095,0,0,0,0,0,0,0,11.966666666666647,2.611111111111095,2.088888888888876,19.577777777777804,0,0,0,7.544444444444439,6.733333333333313,2.244444444444467,0.555555555555562,28.46666666666667,2.666666666666715,0,16.43333333333332,2.0777777777777664,0,0.9888888888888905,0,20.43333333333344,6.144444444444467,0,192.55555555555623,70.00000000000027,3.433333333333343,0,0,0,0,0,0,0,0,0,0,0,0,0,0,0,0,0,0,0,0,0,0,0,5.755555555555534,0,6.566666666666672,6.566666666666672,0,0,0,0,0,0,0,0,1.7111111111110806,0,0,0,14.24444444444444,0,0,7.9777777777777805,4.044444444444438,0,0.48888888888887594,2.188888888888978,0,0,0,10.56666666666663,10.56666666666663,0,6.655555555555576,6.655555555555576,0,5.811111111111124,11.788888888888948,38.80000000000011,0,0,0,0,0,0,0,0,0,0,0,0,0,0,0,0,0,0,0,0,0,0,0,0,1.688888888888905,0,0,2.666666666666715,0,0,0,6.144444444444467,0,0,0.13333333333331393,0,0,0,0,0,0,0.888888888888876,0.1,3.9333333333333433,0.4666666666666861,0.4666666666666861,0.9888888888888905,6.744444444444468,0.2111111111111095,9.355555555555576,30.02222222222232,13.888888888889074,4.33333333333343,10,0,5,0,0,0,0,0,14,11,0,11,14,14,0,0,0,13,3,0,0,0,0,0,0,0,11,5,4,11,0,0,0,8,15,7,1,22,5,0,23,3,0,1,0,22,7,0,203,53,4,0,0,0,0,0,0,0,0,0,0,0,0,0,0,0,0,0,0,0,0,0,0,0,14,0,3,3,0,0,0,0,0,0,0,0,5,0,0,0,13,0,0,9,6,0,2,14,0,0,0,11,11,0,5,5,0,2,9,46,0,0,0,0,0,0,0,0,0,0,0,0,0,0,0,0,0,0,0,0,0,0,0,0,6,0,0,5,0,0,0,7,0,0,3,0,0,0,0,0,0,2,1,3,3,3,1,6,1,8,17,17,5,0.9977777777777765,0.0,0.8,0.0,0.0,0.0,0.0,0.0,0.4206349206349202,0.35555555555555474,0.0,0.35555555555555474,0.4111111111111096,0.4111111111111096,0.0,0.0,0.0,0.4111111111111096,2.1037037037036983,0.0,0.0,0.0,0.0,0.0,0.0,0.0,1.0878787878787861,0.522222222222219,0.522222222222219,1.7797979797979822,0.0,0.0,0.0,0.9430555555555549,0.4488888888888875,0.3206349206349239,0.555555555555562,1.293939393939394,0.533333333333343,0.0,0.7144927536231878,0.6925925925925888,0.0,0.9888888888888905,0.0,0.9287878787878836,0.877777777777781,0.0,0.9485495347564346,1.3207547169811371,0.8583333333333357,0.0,0.0,0.0,0.0,0.0,0.0,0.0,0.0,0.0,0.0,0.0,0.0,0.0,0.0,0.0,0.0,0.0,0.0,0.0,0.0,0.0,0.0,0.0,0.4111111111111096,0.0,2.1888888888888904,2.1888888888888904,0.0,0.0,0.0,0.0,0.0,0.0,0.0,0.0,0.3422222222222161,0.0,0.0,0.0,1.0957264957264954,0.0,0.0,0.8864197530864201,0.674074074074073,0.0,0.24444444444443797,0.1563492063492127,0.0,0.0,0.0,0.9606060606060572,0.9606060606060572,0.0,1.3311111111111154,1.3311111111111154,0.0,2.905555555555562,1.3098765432098831,0.8434782608695677,0.0,0.0,0.0,0.0,0.0,0.0,0.0,0.0,0.0,0.0,0.0,0.0,0.0,0.0,0.0,0.0,0.0,0.0,0.0,0.0,0.0,0.0,0.0,0.0,0.28148148148148416,0.0,0.0,0.533333333333343,0.0,0.0,0.0,0.877777777777781,0.0,0.0,0.04444444444443798,0.0,0.0,0.0,0.0,0.0,0.0,0.444444444444438,0.1,1.3111111111111144,0.15555555555556203,0.15555555555556203,0.9888888888888905,1.124074074074078,0.2111111111111095,1.169444444444447,1.7660130718954308,0.8169934640522984,0.866666666666686,8,5,4,4,13,11,11,10,10,10,10,10,10,13,13,13,13,13,13,13,13,13,13,13,13,12,12,12,12,1,9,3,3,2,2,2,2,2,2,5,4,5,4,4,4,3,3,10,5,14,4,4,2,2,2,2,1,1,7,2,1,6,1,1,7,6,5,5,5,5,1,1,1,1,1,1,1,11,19,8,6,8,7,5,5,4,4,5,1,1,5,1,1,5,5,4,4,4,4,1,1,2,1,1,1,1,2,2,1,1,1,1,3,3,1,1,2,2,2,12,3,3,2,2,2,2,2,2,22,3,1,1,3,1,1,2,1,1,11,11,10,10,10,10,10,10,20,7,7,7,7,6,6,6,6,5,1,1,5,1,1,5,5,4,4,4,4,173,48,5,47,5,42,4,3,3,2,2,1,7,38,8,1,1,8,6,7,6,6,9,8,8,17,16,2,17,16,14,4,4,2,1,1,8,3,3,6,2,1,1,1,1,1,1,1,16,15,15,1,4,4,4,4,4,2,2,1,1,1,True,True
